FullName,EmailAddress,Phone,AddressType,AddressLine1,AddressLine2,City,StateProvince,CountryRegion,PostalCode
Mr. Orlando Gee,orlando0@adventure-works.com,245-555-0173,null,null,null,null,null,null,null
Mr. Keith Harris,keith0@adventure-works.com,170-555-0127,null,null,null,null,null,null,null
Ms. Donna Carreras,donna0@adventure-works.com,279-555-0130,null,null,null,null,null,null,null
Ms. Janet Gates,janet1@adventure-works.com,710-555-0173,null,null,null,null,null,null,null
Mr. Lucy Harrington,lucy0@adventure-works.com,828-555-0186,null,null,null,null,null,null,null
Ms. Rosmarie Carroll,rosmarie0@adventure-works.com,244-555-0112,null,null,null,null,null,null,null
Mr. Dominic Gash,dominic0@adventure-works.com,192-555-0173,null,null,null,null,null,null,null
Ms. Kathleen Garza,kathleen0@adventure-works.com,150-555-0127,null,null,null,null,null,null,null
Ms. Katherine Harding,katherine0@adventure-works.com,926-555-0159,null,null,null,null,null,null,null
Mr. Johnny Caprio,johnny0@adventure-works.com,112-555-0191,null,null,null,null,null,null,null
Mr. Christopher Beck,christopher1@adventure-works.com,1 (11) 500 555-0132,null,null,null,null,null,null,null
Mr. David Liu,david20@adventure-works.com,440-555-0132,null,null,null,null,null,null,null
Mr. John Beaver,john8@adventure-works.com,521-555-0195,null,null,null,null,null,null,null
Ms. Jean Handley,jean1@adventure-works.com,582-555-0113,null,null,null,null,null,null,null
 Jinghao Liu,jinghao1@adventure-works.com,928-555-0116,null,null,null,null,null,null,null
Ms. Linda Burnett,linda4@adventure-works.com,121-555-0121,null,null,null,null,null,null,null
Mr. Kerim Hanif,kerim0@adventure-works.com,216-555-0122,null,null,null,null,null,null,null
Mr. Kevin Liu,kevin5@adventure-works.com,926-555-0164,null,null,null,null,null,null,null
Mr. Donald Blanton,donald0@adventure-works.com,357-555-0161,null,null,null,null,null,null,null
Ms. Jackie Blackwell,jackie0@adventure-works.com,972-555-0163,null,null,null,null,null,null,null
Mr. Bryan Hamilton,bryan2@adventure-works.com,344-555-0144,null,null,null,null,null,null,null
Mr. Todd Logan,todd0@adventure-works.com,783-555-0110,null,null,null,null,null,null,null
Ms. Barbara German,barbara4@adventure-works.com,1 (11) 500 555-0181,null,null,null,null,null,null,null
Mr. Jim Geist,jim1@adventure-works.com,724-555-0161,null,null,null,null,null,null,null
Ms. Betty Haines,betty0@adventure-works.com,867-555-0114,null,null,null,null,null,null,null
Ms. Sharon Looney,sharon2@adventure-works.com,377-555-0132,null,null,null,null,null,null,null
Mr. Darren Gehring,darren0@adventure-works.com,417-555-0182,null,null,null,null,null,null,null
Ms. Erin Hagens,erin1@adventure-works.com,244-555-0127,null,null,null,null,null,null,null
Mr. Jeremy Los,jeremy0@adventure-works.com,911-555-0165,null,null,null,null,null,null,null
Ms. Elsa Leavitt,elsa0@adventure-works.com,482-555-0174,null,null,null,null,null,null,null
Mr. David Lawrence,david19@adventure-works.com,653-555-0159,null,null,null,null,null,null,null
Ms. Hattie Haemon,hattie0@adventure-works.com,141-555-0172,null,null,null,null,null,null,null
Ms. Anita Lucerne,anita0@adventure-works.com,164-555-0118,null,null,null,null,null,null,null
Ms. Rebecca Laszlo,rebecca2@adventure-works.com,1 (11) 500 555-0155,null,null,null,null,null,null,null
Mr. Eric Lang,eric6@adventure-works.com,932-555-0163,null,null,null,null,null,null,null
Mr. Brian Groth,brian5@adventure-works.com,461-555-0118,null,null,null,null,null,null,null
Ms. Judy Lundahl,judy1@adventure-works.com,260-555-0130,null,null,null,null,null,null,null
Mr. Peter Kurniawan,peter4@adventure-works.com,436-555-0160,null,null,null,null,null,null,null
Mr. Douglas Groncki,douglas2@adventure-works.com,385-555-0140,null,null,null,null,null,null,null
Mr. Sean Lunt,sean4@adventure-works.com,183-555-0111,null,null,null,null,null,null,null
Mr. Jeffrey Kurtz,jeffrey3@adventure-works.com,452-555-0179,null,null,null,null,null,null,null
Mr. Vamsi Kuppa,vamsi1@adventure-works.com,290-555-0196,null,null,null,null,null,null,null
Ms. Jane Greer,jane2@adventure-works.com,737-555-0163,null,null,null,null,null,null,null
Mr. Alexander Deborde,alexander1@adventure-works.com,394-555-0176,null,null,null,null,null,null,null
Mr. Deepak Kumar,deepak0@adventure-works.com,1 (11) 500 555-0122,null,null,null,null,null,null,null
Ms. Margaret Krupka,margaret1@adventure-works.com,107-555-0132,null,null,null,null,null,null,null
Mr. Christopher Bright,christopher2@adventure-works.com,162-555-0166,null,null,null,null,null,null,null
Ms. Aidan Delaney,aidan0@adventure-works.com,358-555-0188,null,null,null,null,null,null,null
Mr. James Krow,james11@adventure-works.com,265-555-0190,null,null,null,null,null,null,null
Mr. Michael Brundage,michael13@adventure-works.com,128-555-0148,null,null,null,null,null,null,null
Mr. Stefan Delmarco,stefan0@adventure-works.com,819-555-0186,null,null,null,null,null,null,null
Mr. Mitch Kennedy,mitch0@adventure-works.com,996-555-0192,null,null,null,null,null,null,null
Mr. James Kramer,james10@adventure-works.com,814-555-0130,null,null,null,null,null,null,null
Mr. Eric Brumfield,eric3@adventure-works.com,644-555-0114,null,null,null,null,null,null,null
Ms. Della Demott Jr,della0@adventure-works.com,752-555-0185,null,null,null,null,null,null,null
Ms. Pamala Kotc,pamala0@adventure-works.com,1 (11) 500 555-0173,null,null,null,null,null,null,null
Ms. Joy Koski,joy0@adventure-works.com,810-555-0198,null,null,null,null,null,null,null
Ms. Jovita Carmody,jovita0@adventure-works.com,646-555-0137,null,null,null,null,null,null,null
Mr. Prashanth Desai,prashanth0@adventure-works.com,138-555-0156,null,null,null,null,null,null,null
Mr. Scott Konersmann,scott6@adventure-works.com,556-555-0192,null,null,null,null,null,null,null
Ms. Jane Carmichael,jane0@adventure-works.com,716-555-0167,null,null,null,null,null,null,null
Ms. Bonnie Lepro,bonnie2@adventure-works.com,354-555-0130,null,null,null,null,null,null,null
Mr. Eugene Kogan,eugene2@adventure-works.com,136-555-0134,null,null,null,null,null,null,null
Mr. Kirk King,kirk2@adventure-works.com,979-555-0163,null,null,null,null,null,null,null
Mr. William Conner,william1@adventure-works.com,383-555-0111,null,null,null,null,null,null,null
Ms. Linda Leste,linda7@adventure-works.com,493-555-0134,null,null,null,null,null,null,null
Ms. Andrea Thomsen,andrea1@adventure-works.com,1 (11) 500 555-0120,null,null,null,null,null,null,null
Mr. Daniel Thompson,daniel2@adventure-works.com,247-555-0197,null,null,null,null,null,null,null
Ms. Kendra Thompson,kendra0@adventure-works.com,464-555-0188,null,null,null,null,null,null,null
Mr. Scott Colvin,scott1@adventure-works.com,119-555-0144,null,null,null,null,null,null,null
Ms. Elsie Lewin,elsie0@adventure-works.com,803-555-0116,null,null,null,null,null,null,null
Mr. Donald Thompson,donald1@adventure-works.com,273-555-0111,null,null,null,null,null,null,null
Mr. John Colon,john14@adventure-works.com,397-555-0144,null,null,null,null,null,null,null
Mr. George Li,george3@adventure-works.com,699-555-0183,null,null,null,null,null,null,null
Mr. Yale Li,yale0@adventure-works.com,316-555-0138,null,null,null,null,null,null,null
Ms. Phyllis Thomas,phyllis2@adventure-works.com,667-555-0112,null,null,null,null,null,null,null
Mr. Pat Coleman,pat2@adventure-works.com,292-555-0128,null,null,null,null,null,null,null
Ms. Yuhong Li,yuhong1@adventure-works.com,1 (11) 500 555-0176,null,null,null,null,null,null,null
Mr. Joseph Lique,joseph2@adventure-works.com,119-555-0195,null,null,null,null,null,null,null
Ms. Judy Thames,judy3@adventure-works.com,799-555-0118,null,null,null,null,null,null,null
Ms. Connie Coffman,connie0@adventure-works.com,426-555-0181,null,null,null,null,null,null,null
Mr. Paulo Lisboa,paulo0@adventure-works.com,380-555-0116,null,null,null,null,null,null,null
Ms. Vanessa Tench,vanessa0@adventure-works.com,785-555-0163,null,null,null,null,null,null,null
Ms. Teanna Cobb,teanna0@adventure-works.com,661-555-0168,null,null,null,null,null,null,null
Mr. Michael Graff,michael16@adventure-works.com,132-555-0150,null,null,null,null,null,null,null
Mr. Derek Graham,derek0@adventure-works.com,674-555-0187,null,null,null,null,null,null,null
 Gytis Barzdukas,gytis0@adventure-works.com,257-555-0119,null,null,null,null,null,null,null
Ms. Jane Clayton,jane1@adventure-works.com,206-555-0195,null,null,null,null,null,null,null
Mr. Jon Grande,jon1@adventure-works.com,1 (11) 500 555-0114,null,null,null,null,null,null,null
Mr. Ted Bremer,ted0@adventure-works.com,962-555-0166,null,null,null,null,null,null,null
Mr. Richard Bready,richard1@adventure-works.com,340-555-0131,null,null,null,null,null,null,null
Ms. Alice Clark,alice1@adventure-works.com,221-555-0141,null,null,null,null,null,null,null
Mr. Alan Brewer,alan1@adventure-works.com,494-555-0134,null,null,null,null,null,null,null
Mr. Cornelius Brandon,cornelius0@adventure-works.com,229-555-0114,null,null,null,null,null,null,null
Ms. Jill Christie,jill1@adventure-works.com,927-555-0198,null,null,null,null,null,null,null
Mr. Walter Brian,walter0@adventure-works.com,163-555-0155,null,null,null,null,null,null,null
Mr. Carlton Carlisle,carlton0@adventure-works.com,193-555-0116,null,null,null,null,null,null,null
Mr. Joseph Castellucio,joseph1@adventure-works.com,180-555-0114,null,null,null,null,null,null,null
Mr. Lester Bowman,lester0@adventure-works.com,844-555-0112,null,null,null,null,null,null,null
Ms. Brigid Cavendish,brigid0@adventure-works.com,1 (11) 500 555-0178,null,null,null,null,null,null,null
Mr. Andrew Cencini,andrew2@adventure-works.com,644-555-0111,null,null,null,null,null,null,null
Ms. Cindy Dodd,cindy0@adventure-works.com,706-555-0140,null,null,null,null,null,null,null
Mr. Randall Boseman,randall0@adventure-works.com,383-555-0117,null,null,null,null,null,null,null
Ms. Stacey Cereghino,stacey0@adventure-works.com,351-555-0131,null,null,null,null,null,null,null
Mr. Blaine Dockter,blaine0@adventure-works.com,156-555-0187,null,null,null,null,null,null,null
Sr. Luis Bonifaz,luis0@adventure-works.com,688-555-0113,null,null,null,null,null,null,null
Ms. Brenda Diaz,brenda2@adventure-works.com,147-555-0192,null,null,null,null,null,null,null
Ms. Gabriele Dickmann,gabriele0@adventure-works.com,835-555-0116,null,null,null,null,null,null,null
Mr. Rudolph Dillon,rudolph0@adventure-works.com,722-555-0169,null,null,null,null,null,null,null
Mr. Michael Bohling,michael12@adventure-works.com,838-555-0147,null,null,null,null,null,null,null
Mr. Dick Dievendorff,dick1@adventure-works.com,1 (11) 500 555-0193,null,null,null,null,null,null,null
Ms. Nicky Chesnut,nicky0@adventure-works.com,264-555-0164,null,null,null,null,null,null,null
Mr. Michael Lee,michael18@adventure-works.com,396-555-0139,null,null,null,null,null,null,null
Mr. Stanley Alan,stanley0@adventure-works.com,156-555-0126,null,null,null,null,null,null,null
Mr. Yao-Qiang Cheng,yao-qiang0@adventure-works.com,344-555-0181,null,null,null,null,null,null,null
Ms. Marjorie Lee,marjorie0@adventure-works.com,306-555-0166,null,null,null,null,null,null,null
Mr. Sandeep Kaliyath,sandeep1@adventure-works.com,495-555-0113,null,null,null,null,null,null,null
Mr. Pei Chow,pei0@adventure-works.com,789-555-0184,null,null,null,null,null,null,null
Mr. Frank Campbell,frank4@adventure-works.com,491-555-0132,null,null,null,null,null,null,null
Mr. Mark Lee,mark5@adventure-works.com,371-555-0112,null,null,null,null,null,null,null
Ms. Sandra Kitt,sandra2@adventure-works.com,303-555-0117,null,null,null,null,null,null,null
Mr. Hao Chen,hao1@adventure-works.com,117-555-0173,null,null,null,null,null,null,null
Ms. Jolie Lenehan,jolie0@adventure-works.com,1 (11) 500 555-0126,null,null,null,null,null,null,null
Ms. Diane Krane,diane4@adventure-works.com,224-555-0126,null,null,null,null,null,null,null
Mr. Payton Benson,payton0@adventure-works.com,528-555-0183,null,null,null,null,null,null,null
Mr. Roger Lengel,roger1@adventure-works.com,947-555-0143,null,null,null,null,null,null,null
Ms. Peggy Justice,peggy0@adventure-works.com,170-555-0189,null,null,null,null,null,null,null
Ms. Edna Benson,edna0@adventure-works.com,789-555-0189,null,null,null,null,null,null,null
 A. Leonetti,a0@adventure-works.com,645-555-0193,null,null,null,null,null,null,null
Ms. Jean Jordan,jean3@adventure-works.com,207-555-0129,null,null,null,null,null,null,null
Mr. Ido Ben-Sachar,ido0@adventure-works.com,973-555-0112,null,null,null,null,null,null,null
Mr. Frank Mart¡nez,frank5@adventure-works.com,171-555-0147,null,null,null,null,null,null,null
Mr. Steve Masters,steve2@adventure-works.com,154-555-0115,null,null,null,null,null,null,null
Mr. Robert Jones,robert6@adventure-works.com,595-555-0131,null,null,null,null,null,null,null
Mr. Josh Barnhill,josh0@adventure-works.com,584-555-0192,null,null,null,null,null,null,null
Ms. Jennifer Maxham,jennifer1@adventure-works.com,1 (11) 500 555-0175,null,null,null,null,null,null,null
Mr. Chris Maxwell,chris6@adventure-works.com,642-555-0187,null,null,null,null,null,null,null
Mr. David Johnson,david18@adventure-works.com,476-555-0139,null,null,null,null,null,null,null
Mr. Brian Johnson,brian6@adventure-works.com,320-555-0134,null,null,null,null,null,null,null
Mr. Robert Brown,robert5@adventure-works.com,575-555-0189,null,null,null,null,null,null,null
Ms. Sandra Maynard,sandra4@adventure-works.com,993-555-0179,null,null,null,null,null,null,null
Mr. Barry Johnson,barry1@adventure-works.com,858-555-0140,null,null,null,null,null,null,null
Ms. Joyce Jarvis,joyce0@adventure-works.com,458-555-0179,null,null,null,null,null,null,null
Ms. Vance Johns,vance0@adventure-works.com,103-555-0151,null,null,null,null,null,null,null
Ms. Robin McGuigan,robin0@adventure-works.com,431-555-0153,null,null,null,null,null,null,null
Ms. Danielle Johnson,danielle1@adventure-works.com,356-555-0190,null,null,null,null,null,null,null
Mr. David Jaffe,david17@adventure-works.com,1 (11) 500 555-0140,null,null,null,null,null,null,null
Ms. Mary Alexander,mary7@adventure-works.com,344-555-0133,null,null,null,null,null,null,null
Ms. Lola McCarthy,lola0@adventure-works.com,173-555-0151,null,null,null,null,null,null,null
Ms. Mary Browning,mary5@adventure-works.com,658-555-0146,null,null,null,null,null,null,null
Ms. Jodan Jacobson,jodan0@adventure-works.com,652-555-0189,null,null,null,null,null,null,null
Ms. Jane McCarty,jane3@adventure-works.com,529-555-0195,null,null,null,null,null,null,null
Mr. Jessie Valerio,jessie0@adventure-works.com,103-555-0179,null,null,null,null,null,null,null
Mr. Eric Jacobsen,eric5@adventure-works.com,703-555-0120,null,null,null,null,null,null,null
Mr. Bronson Jacobs,bronson0@adventure-works.com,697-555-0131,null,null,null,null,null,null,null
Mr. James McCoy,james12@adventure-works.com,191-555-0151,null,null,null,null,null,null,null
Ms. Esther Valle,esther0@adventure-works.com,481-555-0131,null,null,null,null,null,null,null
Ms. Denean Ison,denean0@adventure-works.com,1 (11) 500 555-0127,null,null,null,null,null,null,null
Mr. Erik Ismert,erik0@adventure-works.com,116-555-0163,null,null,null,null,null,null,null
Mr. Robert Bernacchi,robert4@adventure-works.com,449-555-0176,null,null,null,null,null,null,null
Mr. Sunil Uppal,sunil0@adventure-works.com,184-555-0187,null,null,null,null,null,null,null
Mr. Richard Irwin,richard4@adventure-works.com,367-555-0124,null,null,null,null,null,null,null
Mr. Matthias Berndt,matthias1@adventure-works.com,384-555-0169,null,null,null,null,null,null,null
Mr. Sairaj Uddin,sairaj1@adventure-works.com,767-555-0193,null,null,null,null,null,null,null
Mr. Lucio Iallo,lucio0@adventure-works.com,199-555-0135,null,null,null,null,null,null,null
Ms. Beth Inghram,beth0@adventure-works.com,718-555-0152,null,null,null,null,null,null,null
Mr. Timothy Burnett,timothy0@adventure-works.com,251-555-0172,null,null,null,null,null,null,null
Ms. Phyllis Tuffield,phyllis3@adventure-works.com,277-555-0182,null,null,null,null,null,null,null
Mr. Richard Byham,richard2@adventure-works.com,1 (11) 500 555-0138,null,null,null,null,null,null,null
Mr. Jared Bustamante,jared0@adventure-works.com,164-555-0147,null,null,null,null,null,null,null
Mr. Henry Campen,henry0@adventure-works.com,635-555-0126,null,null,null,null,null,null,null
Ms. Christie Trujillo,christie0@adventure-works.com,686-555-0180,null,null,null,null,null,null,null
Ms. Janet Gilliat,janet2@adventure-works.com,521-555-0183,null,null,null,null,null,null,null
Mr. Chris Cannon,chris5@adventure-works.com,118-555-0131,null,null,null,null,null,null,null
Mr. Michael John Troyer,michaeljohn0@adventure-works.com,308-555-0175,null,null,null,null,null,null,null
Mr. Guy Gilbert,guy0@adventure-works.com,583-555-0198,null,null,null,null,null,null,null
Mr. Frances Giglio,frances1@adventure-works.com,692-555-0136,null,null,null,null,null,null,null
Ms. Suzana De Abreu Canuto,suzanadeabreu0@adventure-works.com,990-555-0141,null,null,null,null,null,null,null
Mr. Billy Trent,billy0@adventure-works.com,882-555-0115,null,null,null,null,null,null,null
Mr. Leo Giakoumakis,leo0@adventure-works.com,1 (11) 500 555-0169,null,null,null,null,null,null,null
Mr. Grant Culbertson,grant1@adventure-works.com,859-555-0173,null,null,null,null,null,null,null
Mr. Robert Barker,robert3@adventure-works.com,241-555-0112,null,null,null,null,null,null,null
Ms. Gabriel Bockenkamp,gabriel0@adventure-works.com,763-555-0145,null,null,null,null,null,null,null
Mr. Scott Culp,scott3@adventure-works.com,119-555-0167,null,null,null,null,null,null,null
Mr. Wayne Banack,wayne0@adventure-works.com,640-555-0189,null,null,null,null,null,null,null
Mr. Michael Blythe,michael11@adventure-works.com,126-555-0172,null,null,null,null,null,null,null
Mr. Conor Cunningham,conor0@adventure-works.com,115-555-0113,null,null,null,null,null,null,null
Mr. Alberto Baltazar,alberto0@adventure-works.com,780-555-0114,null,null,null,null,null,null,null
Mr. Joseph Mitzner,joseph4@adventure-works.com,129-555-0164,null,null,null,null,null,null,null
Mr. Robert Mitosinka,robert10@adventure-works.com,239-555-0198,null,null,null,null,null,null,null
Mr. Thierry D'Hers,thierry1@adventure-works.com,680-555-0192,null,null,null,null,null,null,null
Mr. Daniel Blanco,daniel0@adventure-works.com,221-555-0167,null,null,null,null,null,null,null
Ms. Linda Mitchell,linda9@adventure-works.com,1 (11) 500 555-0182,null,null,null,null,null,null,null
Mr. Stephen Ayers,stephen1@adventure-works.com,818-555-0171,null,null,null,null,null,null,null
Ms. Neva Mitchell,neva0@adventure-works.com,992-555-0134,null,null,null,null,null,null,null
Ms. Megan Davis,megan1@adventure-works.com,839-555-0198,null,null,null,null,null,null,null
Mr. John Arthur,john6@adventure-works.com,149-555-0113,null,null,null,null,null,null,null
Mr. Frank Miller,frank6@adventure-works.com,118-555-0184,null,null,null,null,null,null,null
Sr. Alvaro De Matos Miranda Filho,alvaro0@adventure-works.com,551-555-0155,null,null,null,null,null,null,null
Mr. Thomas Armstrong,thomas1@adventure-works.com,226-555-0146,null,null,null,null,null,null,null
Mr. Dylan Miller,dylan1@adventure-works.com,140-555-0192,null,null,null,null,null,null,null
Mr. Ben Miller,ben1@adventure-works.com,207-555-0167,null,null,null,null,null,null,null
Mr. Jacob Dean,jacob0@adventure-works.com,767-555-0151,null,null,null,null,null,null,null
Ms. Ann Beebe,ann0@adventure-works.com,277-555-0169,null,null,null,null,null,null,null
Mr. Matthew Miller,matthew5@adventure-works.com,1 (11) 500 555-0176,null,null,null,null,null,null,null
Mr. Jo Brown,jo2@adventure-works.com,689-555-0130,null,null,null,null,null,null,null
Ms. Virginia Miller,virginia0@adventure-works.com,918-555-0127,null,null,null,null,null,null,null
Mr. Scott Gode,scott4@adventure-works.com,164-555-0145,null,null,null,null,null,null,null
Ms. Caroline Vicknair,caroline0@adventure-works.com,695-555-0158,null,null,null,null,null,null,null
Mr. Robert Vessa,robert13@adventure-works.com,560-555-0171,null,null,null,null,null,null,null
 Andreas Berglund,andreas1@adventure-works.com,795-555-0116,null,null,null,null,null,null,null
Mr. Mete Goktepe,mete0@adventure-works.com,637-555-0120,null,null,null,null,null,null,null
Ms. Wanda Vernon,wanda0@adventure-works.com,433-555-0168,null,null,null,null,null,null,null
Ms. Dora Verdad,dora0@adventure-works.com,155-555-0140,null,null,null,null,null,null,null
Mr. John Berger,john10@adventure-works.com,156-555-0111,null,null,null,null,null,null,null
Mr. Brian Goldstein,brian4@adventure-works.com,495-555-0161,null,null,null,null,null,null,null
Mr. Raja Venugopal,raja0@adventure-works.com,1 (11) 500 555-0195,null,null,null,null,null,null,null
Ms. Patricia Vasquez,patricia2@adventure-works.com,490-555-0132,null,null,null,null,null,null,null
Ms. Karren Burkhardt,karren0@adventure-works.com,652-555-0132,null,null,null,null,null,null,null
Ms. Abigail Gonzalez,abigail0@adventure-works.com,121-555-0139,null,null,null,null,null,null,null
Mr. Ranjit Varkey Chudukatil,ranjit1@adventure-works.com,810-555-0160,null,null,null,null,null,null,null
Ms. Ingrid Burkhardt,ingrid0@adventure-works.com,857-555-0187,null,null,null,null,null,null,null
Mr. Oscar Alpuerto,oscar0@adventure-works.com,855-555-0174,null,null,null,null,null,null,null
Mr. Gary Vargas,gary6@adventure-works.com,112-555-0176,null,null,null,null,null,null,null
Mr. Shane Kim,shane2@adventure-works.com,155-555-0149,null,null,null,null,null,null,null
Ms. Joan Campbell,joan0@adventure-works.com,700-555-0155,null,null,null,null,null,null,null
Mr. Maxwell Amland,maxwell0@adventure-works.com,614-555-0134,null,null,null,null,null,null,null
Mr. Joe Kim,joe1@adventure-works.com,1 (11) 500 555-0144,null,null,null,null,null,null,null
Ms. Ramona Antrim,ramona0@adventure-works.com,327-555-0148,null,null,null,null,null,null,null
Ms. Karan Khanna,karan1@adventure-works.com,390-555-0150,null,null,null,null,null,null,null
Ms. Sharon Crow,sharon1@adventure-works.com,889-555-0176,null,null,null,null,null,null,null
Mr. Chris Ashton,chris3@adventure-works.com,556-555-0145,null,null,null,null,null,null,null
Mr. Imtiaz Khan,imtiaz0@adventure-works.com,249-555-0179,null,null,null,null,null,null,null
Mr. Jack Creasey,jack2@adventure-works.com,539-555-0182,null,null,null,null,null,null,null
Ms. Teresa Atkinson,teresa0@adventure-works.com,129-555-0110,null,null,null,null,null,null,null
Ms. Tammy Khan,tammy0@adventure-works.com,145-555-0166,null,null,null,null,null,null,null
Ms. Elizabeth Keyser,elizabeth2@adventure-works.com,656-555-0173,null,null,null,null,null,null,null
Mr. Bruno Costa Da Silva,bruno0@adventure-works.com,140-555-0143,null,null,null,null,null,null,null
Ms. Katherine Swan,katherine1@adventure-works.com,421-555-0192,null,null,null,null,null,null,null
Ms. Mary Kesslep,mary8@adventure-works.com,1 (11) 500 555-0146,null,null,null,null,null,null,null
Mr. Marlin Coriell,marlin0@adventure-works.com,941-555-0155,null,null,null,null,null,null,null
Mr. Kevin Kennedy,kevin4@adventure-works.com,275-555-0179,null,null,null,null,null,null,null
Ms. Eva Corets,eva0@adventure-works.com,542-555-0164,null,null,null,null,null,null,null
Ms. Julie Taft-Rider,julie1@adventure-works.com,145-555-0194,null,null,null,null,null,null,null
Mr. Robert Kelly,robert7@adventure-works.com,510-555-0123,null,null,null,null,null,null,null
Mr. Scott Cooper,scott2@adventure-works.com,773-555-0182,null,null,null,null,null,null,null
Mr. Clarence Tatman,clarence0@adventure-works.com,787-555-0128,null,null,null,null,null,null,null
Mr. John Kelly,john22@adventure-works.com,330-555-0116,null,null,null,null,null,null,null
Mr. Victor Kelley,victor0@adventure-works.com,112-555-0195,null,null,null,null,null,null,null
Ms. Dorothy Contreras,dorothy0@adventure-works.com,428-555-0176,null,null,null,null,null,null,null
Mr. Mike Taylor,mike6@adventure-works.com,204-555-0189,null,null,null,null,null,null,null
Ms. Bonnie Kearney,bonnie1@adventure-works.com,1 (11) 500 555-0116,null,null,null,null,null,null,null
Ms. June Brunner,june0@adventure-works.com,249-555-0172,null,null,null,null,null,null,null
Mr. Sandeep Katyal,sandeep2@adventure-works.com,928-555-0117,null,null,null,null,null,null,null
Ms. Shirley Bruner,shirley0@adventure-works.com,383-555-0155,null,null,null,null,null,null,null
Mr. Chad Tedford,chad1@adventure-works.com,588-555-0128,null,null,null,null,null,null,null
Mr. Peter Houston,peter3@adventure-works.com,632-555-0171,null,null,null,null,null,null,null
Mr. Tom Johnston,tom1@adventure-works.com,883-555-0177,null,null,null,null,null,null,null
Ms. Marian Berch,marian0@adventure-works.com,640-555-0198,null,null,null,null,null,null,null
Ms. Juanita Holman,juanita0@adventure-works.com,996-555-0196,null,null,null,null,null,null,null
Mr. Eddie Holmes,eddie0@adventure-works.com,570-555-0199,null,null,null,null,null,null,null
Mr. Robert Avalos,robert2@adventure-works.com,665-555-0198,null,null,null,null,null,null,null
Mr. Alexander Berger,alexander0@adventure-works.com,519-555-0151,null,null,null,null,null,null,null
Ms. Jean Holloway,jean2@adventure-works.com,1 (11) 500 555-0181,null,null,null,null,null,null,null
Mr. Greg Chapman,greg1@adventure-works.com,708-555-0169,null,null,null,null,null,null,null
Ms. Angela Barbariol,angela1@adventure-works.com,134-555-0182,null,null,null,null,null,null,null
Ms. Ruth Choin,ruth1@adventure-works.com,273-555-0181,null,null,null,null,null,null,null
Mr. Lee Chapla,lee0@adventure-works.com,223-555-0184,null,null,null,null,null,null,null
Mr. Darrell Banks,darrell0@adventure-works.com,816-555-0118,null,null,null,null,null,null,null
Mr. Anthony Chor,anthony0@adventure-works.com,429-555-0145,null,null,null,null,null,null,null
Mr. Forrest Chandler,forrest0@adventure-works.com,448-555-0179,null,null,null,null,null,null,null
Mr. Eli Bowen,eli0@adventure-works.com,371-555-0143,null,null,null,null,null,null,null
Mr. Stephen Jiang,stephen3@adventure-works.com,910-555-0116,null,null,null,null,null,null,null
Mr. Dirk Bruno,dirk0@adventure-works.com,817-555-0114,null,null,null,null,null,null,null
Sr. Gustavo Camargo,gustavo1@adventure-works.com,1 (11) 500 555-0118,null,null,null,null,null,null,null
Mr. Douglas Baldwin,douglas1@adventure-works.com,583-555-0130,null,null,null,null,null,null,null
Ms. Lindsey Camacho,lindsey0@adventure-works.com,827-555-0143,null,null,null,null,null,null,null
Mr. James Bailey,james3@adventure-works.com,234-555-0112,null,null,null,null,null,null,null
Ms. Carol Elliott,carol2@adventure-works.com,847-555-0151,null,null,null,null,null,null,null
Ms. Barbara Calone,barbara2@adventure-works.com,145-555-0152,null,null,null,null,null,null,null
Ms. Megan Burke,megan0@adventure-works.com,148-555-0149,null,null,null,null,null,null,null
Mr. Cory Booth,cory0@adventure-works.com,121-555-0157,null,null,null,null,null,null,null
Ms. Shannon Elliott,shannon0@adventure-works.com,425-555-0158,null,null,null,null,null,null,null
Ms. Jauna Elson,jauna0@adventure-works.com,185-555-0190,null,null,null,null,null,null,null
Sra. Janaina Barreiro Gambaro Bueno,janainabarreirogambaro0@adventure-works.com,476-555-0184,null,null,null,null,null,null,null
Mr. Shaun Beasley,shaun0@adventure-works.com,396-555-0187,null,null,null,null,null,null,null
Mr. Terry Eminhizer,terry1@adventure-works.com,1 (11) 500 555-0176,null,null,null,null,null,null,null
Mr. John Emory,john16@adventure-works.com,691-555-0149,null,null,null,null,null,null,null
Ms. Olga Trau,olga0@adventure-works.com,398-555-0167,null,null,null,null,null,null,null
Mr. Jon Ganio,jon0@adventure-works.com,672-555-0112,null,null,null,null,null,null,null
Ms. Gail Erickson,gail1@adventure-works.com,834-555-0132,null,null,null,null,null,null,null
Mr. James Tran,james15@adventure-works.com,740-555-0159,null,null,null,null,null,null,null
Mr. Michael Galos,michael15@adventure-works.com,912-555-0149,null,null,null,null,null,null,null
Mr. Mark Erickson,mark2@adventure-works.com,962-555-0112,null,null,null,null,null,null,null
Ms. Martha Espinoza,martha0@adventure-works.com,753-555-0179,null,null,null,null,null,null,null
Mr. Glenn Track,glenn0@adventure-works.com,907-555-0170,null,null,null,null,null,null,null
Mr. Bob Gage,bob1@adventure-works.com,962-555-0175,null,null,null,null,null,null,null
Sra. Janeth Esteves,janeth1@adventure-works.com,1 (11) 500 555-0136,null,null,null,null,null,null,null
Mr. Paul Fulton,paul3@adventure-works.com,492-555-0146,null,null,null,null,null,null,null
Ms. Twanna Evans,twanna0@adventure-works.com,554-555-0124,null,null,null,null,null,null,null
Ms. Delia Toone,delia0@adventure-works.com,328-555-0192,null,null,null,null,null,null,null
Mr. John Ford,john19@adventure-works.com,596-555-0153,null,null,null,null,null,null,null
Ms. Ann Evans,ann1@adventure-works.com,252-555-0127,null,null,null,null,null,null,null
Ms. Kay Krane,kay0@adventure-works.com,731-555-0187,null,null,null,null,null,null,null
Mr. Mihail Frintu,mihail1@adventure-works.com,777-555-0163,null,null,null,null,null,null,null
Mr. John Evans,john17@adventure-works.com,581-555-0172,null,null,null,null,null,null,null
Ms. Ruby Sue Styles,rubysue0@adventure-works.com,512-555-0122,null,null,null,null,null,null,null
Ms. Lori Kane,lori2@adventure-works.com,765-555-0141,null,null,null,null,null,null,null
Ms. Susan French,susan3@adventure-works.com,994-555-0194,null,null,null,null,null,null,null
Mr. Gary Suess,gary5@adventure-works.com,1 (11) 500 555-0199,null,null,null,null,null,null,null
Ms. Ruth Suffin,ruth2@adventure-works.com,924-555-0195,null,null,null,null,null,null,null
Ms. Margaret Smith,margaret0@adventure-works.com,959-555-0151,null,null,null,null,null,null,null
Ms. Dorothy Fox,dorothy1@adventure-works.com,191-555-0198,null,null,null,null,null,null,null
Ms. Elizabeth Sullivan,elizabeth4@adventure-works.com,306-555-0112,null,null,null,null,null,null,null
Ms. Frances Adams,frances0@adventure-works.com,991-555-0183,null,null,null,null,null,null,null
Mr. Garth Fort,garth0@adventure-works.com,768-555-0125,null,null,null,null,null,null,null
Mr. Michael Sullivan,michael24@adventure-works.com,323-555-0113,null,null,null,null,null,null,null
Ms. Marcia Sultan,marcia0@adventure-works.com,613-555-0116,null,null,null,null,null,null,null
Ms. Amy Alberts,amy1@adventure-works.com,727-555-0115,null,null,null,null,null,null,null
Ms. Kelly Focht,kelly0@adventure-works.com,272-555-0123,null,null,null,null,null,null,null
Mr. Krishna Sunkammurali,krishna1@adventure-works.com,1 (11) 500 555-0177,null,null,null,null,null,null,null
Ms. Mae Black,mae1@adventure-works.com,264-555-0143,null,null,null,null,null,null,null
Mr. Brad Sutton,brad0@adventure-works.com,688-555-0115,null,null,null,null,null,null,null
Mr. François Ferrier,françois1@adventure-works.com,571-555-0128,null,null,null,null,null,null,null
Mr. Mary Bishop,mary4@adventure-works.com,176-555-0136,null,null,null,null,null,null,null
Mr. Martin Svoboda,martin1@adventure-works.com,132-555-0149,null,null,null,null,null,null,null
Mr. Robert Ahlering,robert1@adventure-works.com,678-555-0175,null,null,null,null,null,null,null
Mr. Jimmy Bischoff,jimmy1@adventure-works.com,992-555-0111,null,null,null,null,null,null,null
Mr. Abraham Swearengin,abraham0@adventure-works.com,926-555-0136,null,null,null,null,null,null,null
Mr. Ryan Calafato,ryan1@adventure-works.com,726-555-0155,null,null,null,null,null,null,null
Mr. Dragan Tomic,dragan1@adventure-works.com,833-555-0167,null,null,null,null,null,null,null
Mr. Thomas Michaels,thomas2@adventure-works.com,162-555-0174,null,null,null,null,null,null,null
Ms. Mari Caldwell,mari0@adventure-works.com,1 (11) 500 555-0118,null,null,null,null,null,null,null
Ms. Mary Gimmi,mary6@adventure-works.com,149-555-0196,null,null,null,null,null,null,null
Mr. David Givens,david15@adventure-works.com,605-555-0111,null,null,null,null,null,null,null
Ms. Diane Tibbott,diane5@adventure-works.com,847-555-0184,null,null,null,null,null,null,null
Ms. Helen Meyer,helen2@adventure-works.com,519-555-0112,null,null,null,null,null,null,null
Ms. Jeanie Glenn,jeanie0@adventure-works.com,669-555-0149,null,null,null,null,null,null,null
Ms. Diane Glimp,diane3@adventure-works.com,898-555-0137,null,null,null,null,null,null,null
Ms. Yuping Tian,yuping0@adventure-works.com,744-555-0123,null,null,null,null,null,null,null
Mr. Stephen Mew,stephen4@adventure-works.com,399-555-0114,null,null,null,null,null,null,null
Mr. John Brooks,john12@adventure-works.com,1 (11) 500 555-0179,null,null,null,null,null,null,null
Mr. Willie Brooks,willie0@adventure-works.com,525-555-0174,null,null,null,null,null,null,null
Mr. Andrew Kobylinski,andrew5@adventure-works.com,129-555-0185,null,null,null,null,null,null,null
Mr. R. Morgan Mendoza,rmorgan0@adventure-works.com,963-555-0146,null,null,null,null,null,null,null
Mr. Jay Adams,jay1@adventure-works.com,158-555-0142,null,null,null,null,null,null,null
Mr. Christian Kleinerman,christian1@adventure-works.com,362-555-0177,null,null,null,null,null,null,null
Mr. Anton Kirilov,anton0@adventure-works.com,608-555-0162,null,null,null,null,null,null,null
Ms. Gladys Mendiola,gladys0@adventure-works.com,535-555-0189,null,null,null,null,null,null,null
Ms. Raquel Mello,raquel0@adventure-works.com,723-555-0124,null,null,null,null,null,null,null
Mr. Samuel Agcaoili,samuel0@adventure-works.com,554-555-0110,null,null,null,null,null,null,null
Mr. Tim Kim,tim0@adventure-works.com,244-555-0115,null,null,null,null,null,null,null
Ms. Nancy McPhearson,nancy3@adventure-works.com,1 (11) 500 555-0195,null,null,null,null,null,null,null
Ms. Nkenge McLin,nkenge0@adventure-works.com,158-555-0123,null,null,null,null,null,null,null
Mr. Paul Alcorn,paul2@adventure-works.com,331-555-0162,null,null,null,null,null,null,null
Mr. Marvin Allen,marvin0@adventure-works.com,447-555-0110,null,null,null,null,null,null,null
Ms. Yvonne McKay,yvonne1@adventure-works.com,623-555-0144,null,null,null,null,null,null,null
Mr. Sean Jacobson,sean2@adventure-works.com,555-555-0162,null,null,null,null,null,null,null
Ms. Michelle Alexander,michelle0@adventure-works.com,115-555-0175,null,null,null,null,null,null,null
Mr. Richard Bentley,richard0@adventure-works.com,911-555-0153,null,null,null,null,null,null,null
Mr. Curtis Howard,curtis0@adventure-works.com,555-555-0162,null,null,null,null,null,null,null
Mr. Cecil Allison,cecil0@adventure-works.com,699-555-0155,null,null,null,null,null,null,null
Mr. Gregory Alderson,gregory0@adventure-works.com,968-555-0153,null,null,null,null,null,null,null
Ms. Janice Hows,janice1@adventure-works.com,1 (11) 500 555-0119,null,null,null,null,null,null,null
Mr. George Huckaby,george1@adventure-works.com,851-555-0127,null,null,null,null,null,null,null
Ms. Carolyn Farino,carolyn0@adventure-works.com,957-555-0125,null,null,null,null,null,null,null
Ms. Kim Abercrombie,kim2@adventure-works.com,334-555-0137,null,null,null,null,null,null,null
Mr. Joshua Huff,joshua0@adventure-works.com,190-555-0186,null,null,null,null,null,null,null
Ms. Geri Farrell,geri0@adventure-works.com,329-555-0183,null,null,null,null,null,null,null
Ms. Catherine Abel,catherine0@adventure-works.com,747-555-0171,null,null,null,null,null,null,null
Ms. Laura Steele,laura3@adventure-works.com,741-555-0173,null,null,null,null,null,null,null
Ms. Shanay Steelman,shanay0@adventure-works.com,797-555-0118,null,null,null,null,null,null,null
Ms. Rhoda Finley,rhoda0@adventure-works.com,920-555-0191,null,null,null,null,null,null,null
Mr. Pat Chambers,pat1@adventure-works.com,127-555-0124,null,null,null,null,null,null,null
Mr. Stefano Stefani,stefano0@adventure-works.com,1 (11) 500 555-0115,null,null,null,null,null,null,null
Mr. Alan Steiner,alan4@adventure-works.com,792-555-0194,null,null,null,null,null,null,null
Ms. Kathie Flood,kathie1@adventure-works.com,627-555-0192,null,null,null,null,null,null,null
Mr. Bob Hodges,bob2@adventure-works.com,129-555-0120,null,null,null,null,null,null,null
Mr. Derik Stenerson,derik0@adventure-works.com,441-555-0144,null,null,null,null,null,null,null
Mr. Raul Casts,raul0@adventure-works.com,362-555-0162,null,null,null,null,null,null,null
Ms. Holly Holt,holly1@adventure-works.com,654-555-0150,null,null,null,null,null,null,null
Mr. Vassar Stern,vassar0@adventure-works.com,328-555-0123,null,null,null,null,null,null,null
Ms. Wathalee Steuber,wathalee0@adventure-works.com,517-555-0120,null,null,null,null,null,null,null
Mr. Matthew Cavallari,matthew1@adventure-works.com,695-555-0161,null,null,null,null,null,null,null
Ms. Helge Hoeing,helge0@adventure-works.com,850-555-0198,null,null,null,null,null,null,null
Ms. Alice Steiner,alice4@adventure-works.com,355-555-0180,null,null,null,null,null,null,null
Mr. Steven Brown,steven1@adventure-works.com,280-555-0124,null,null,null,null,null,null,null
Mr. David Hodgson,david16@adventure-works.com,969-555-0117,null,null,null,null,null,null,null
Ms. Liza Marie Stevens,lizamarie0@adventure-works.com,366-555-0110,null,null,null,null,null,null,null
Mr. Jim Stewart,jim5@adventure-works.com,226-555-0110,null,null,null,null,null,null,null
Ms. Arlene Huff,arlene0@adventure-works.com,1 (11) 500 555-0146,null,null,null,null,null,null,null
Mr. Matthew Hunter,matthew4@adventure-works.com,482-555-0188,null,null,null,null,null,null,null
Mr. Matthew Hink,matthew3@adventure-works.com,146-555-0176,null,null,null,null,null,null,null
Mr. Robert Stotka,robert12@adventure-works.com,493-555-0185,null,null,null,null,null,null,null
Ms. Phyllis Huntsman,phyllis1@adventure-works.com,153-555-0195,null,null,null,null,null,null,null
Mr. Mike Hines,mike3@adventure-works.com,454-555-0160,null,null,null,null,null,null,null
Ms. Kayla Stotler,kayla0@adventure-works.com,315-555-0131,null,null,null,null,null,null,null
Mr. Lawrence Hurkett,lawrence0@adventure-works.com,129-555-0185,null,null,null,null,null,null,null
Mr. Ryan Ihrig,ryan4@adventure-works.com,809-555-0152,null,null,null,null,null,null,null
Mr. Andrew Hill,andrew4@adventure-works.com,194-555-0149,null,null,null,null,null,null,null
Mr. Robert Lyeba,robert8@adventure-works.com,631-555-0155,null,null,null,null,null,null,null
Mr. Roger Van Houten,roger2@adventure-works.com,1 (11) 500 555-0110,null,null,null,null,null,null,null
Mr. Robert Lyon,robert9@adventure-works.com,666-555-0143,null,null,null,null,null,null,null
Ms. Rose Vandenouer,rose1@adventure-works.com,1 (11) 500 555-0140,null,null,null,null,null,null,null
Ms. Denise Maccietto,denise1@adventure-works.com,537-555-0190,null,null,null,null,null,null,null
Mr. Gregory Vanderbout,gregory1@adventure-works.com,684-555-0134,null,null,null,null,null,null,null
Mr. Ronald Heymsfield,ronald1@adventure-works.com,784-555-0120,null,null,null,null,null,null,null
Mr. Scott MacDonald,scott7@adventure-works.com,470-555-0171,null,null,null,null,null,null,null
Mr. Michael Vanderhyde,michael25@adventure-works.com,918-555-0141,null,null,null,null,null,null,null
Ms. Cheryl Herring,cheryl0@adventure-works.com,158-555-0154,null,null,null,null,null,null,null
Mr. Walter Mays,walter1@adventure-works.com,245-555-0191,null,null,null,null,null,null,null
Ms. Margaret Vanderkamp,margaret2@adventure-works.com,265-555-0143,null,null,null,null,null,null,null
Ms. Kara Vanderlinden,kara0@adventure-works.com,680-555-0160,null,null,null,null,null,null,null
Mr. Jésus Hernandez,jésus0@adventure-works.com,214-555-0145,null,null,null,null,null,null,null
Ms. Irene Hernandez,irene0@adventure-works.com,790-555-0197,null,null,null,null,null,null,null
Mr. Ajay Manchepalli,ajay0@adventure-works.com,1 (11) 500 555-0174,null,null,null,null,null,null,null
Mr. Nieves Vargas,nieves0@adventure-works.com,371-555-0184,null,null,null,null,null,null,null
Mr. Kari Hensien,kari0@adventure-works.com,143-555-0129,null,null,null,null,null,null,null
Mr. Tomas Manzanares,tomas0@adventure-works.com,1 (11) 500 555-0178,null,null,null,null,null,null,null
Ms. Kathy Marcovecchio,kathy0@adventure-works.com,942-555-0141,null,null,null,null,null,null,null
Ms. Patricia Doyle,patricia0@adventure-works.com,899-555-0134,null,null,null,null,null,null,null
Ms. Valerie Hendricks,valerie0@adventure-works.com,859-555-0140,null,null,null,null,null,null,null
Ms. Jill Markwood,jill2@adventure-works.com,747-555-0113,null,null,null,null,null,null,null
Mr. Gerald Drury,gerald0@adventure-works.com,169-555-0178,null,null,null,null,null,null,null
Mr. John Hanson,john20@adventure-works.com,107-555-0117,null,null,null,null,null,null,null
Ms. Melissa Marple,melissa0@adventure-works.com,685-555-0117,null,null,null,null,null,null,null
Ms. Cecelia Marshall,cecelia0@adventure-works.com,394-555-0168,null,null,null,null,null,null,null
Mr. Reuben D'sa,reuben1@adventure-works.com,916-555-0137,null,null,null,null,null,null,null
Ms. Brenda Heaney,brenda3@adventure-works.com,393-555-0167,null,null,null,null,null,null,null
Ms. Linda Martin,linda8@adventure-works.com,1 (11) 500 555-0137,null,null,null,null,null,null,null
Mr. James Haugh,james8@adventure-works.com,763-555-0120,null,null,null,null,null,null,null
Ms. Sandra Martinez,sandra3@adventure-works.com,1 (11) 500 555-0113,null,null,null,null,null,null,null
Ms. Bev Desalvo,bev0@adventure-works.com,143-555-0113,null,null,null,null,null,null,null
Mr. Bart Duncan,bart0@adventure-works.com,539-555-0121,null,null,null,null,null,null,null
Ms. Ann Hass,ann2@adventure-works.com,713-555-0168,null,null,null,null,null,null,null
Mr. Rob Caron,rob2@adventure-works.com,620-555-0117,null,null,null,null,null,null,null
Mr. Maciej Dusza,maciej1@adventure-works.com,962-555-0144,null,null,null,null,null,null,null
Mr. Roger Harui,roger0@adventure-works.com,774-555-0133,null,null,null,null,null,null,null
Mr. Andy Carothers,andy1@adventure-works.com,944-555-0148,null,null,null,null,null,null,null
Ms. Linda Ecoffey,linda5@adventure-works.com,674-555-0188,null,null,null,null,null,null,null
Ms. Catherine Abel,catherine0@adventure-works.com,747-555-0171,Main Office,57251 Serene Blvd,null,Van Nuys,California,United States,91411
Ms. Kim Abercrombie,kim2@adventure-works.com,334-555-0137,Main Office,Tanger Factory,null,Branch,Minnesota,United States,55056
Ms. Frances Adams,frances0@adventure-works.com,991-555-0183,Main Office,6900 Sisk Road,null,Modesto,California,United States,95354
Ms. Margaret Smith,margaret0@adventure-works.com,959-555-0151,Main Office,Lewiston Mall,null,Lewiston,Idaho,United States,83501
Mr. Jay Adams,jay1@adventure-works.com,158-555-0142,Main Office,Blue Ridge Mall,null,Kansas City,Missouri,United States,64106
Mr. Samuel Agcaoili,samuel0@adventure-works.com,554-555-0110,Main Office,No. 25800-130 King Street West,null,Toronto,Ontario,Canada,M4B 1V5
Mr. Robert Ahlering,robert1@adventure-works.com,678-555-0175,Main Office,6500 East Grant Road,null,Tucson,Arizona,United States,85701
Mr. François Ferrier,françois1@adventure-works.com,571-555-0128,Main Office,Eastridge Mall,null,Casper,Wyoming,United States,82601
Ms. Amy Alberts,amy1@adventure-works.com,727-555-0115,Main Office,252851 Rowan Place,null,Richmond,British Columbia,Canada,V6B 3P7
Mr. Paul Alcorn,paul2@adventure-works.com,331-555-0162,Main Office,White Mountain Mall,null,Rock Springs,Wyoming,United States,82901
Mr. Gregory Alderson,gregory0@adventure-works.com,968-555-0153,Shipping,26910 Indela Road,null,Montreal,Quebec,Canada,H1Y 2H5
Mr. Gregory Alderson,gregory0@adventure-works.com,968-555-0153,Main Office,25981 College Street,null,Montreal,Quebec,Canada,H1Y 2H5
Ms. Michelle Alexander,michelle0@adventure-works.com,115-555-0175,Main Office,22589 West Craig Road,null,North Las Vegas,Nevada,United States,89030
Mr. Sean Jacobson,sean2@adventure-works.com,555-555-0162,Main Office,2551 East Warner Road,null,Gilbert,Arizona,United States,85233
Mr. Marvin Allen,marvin0@adventure-works.com,447-555-0110,Main Office,First Colony Mall,null,Sugar Land,Texas,United States,77478
Mr. Cecil Allison,cecil0@adventure-works.com,699-555-0155,Main Office,254 Colonnade Road,null,Nepean,Ontario,Canada,K2J 2W5
Mr. Oscar Alpuerto,oscar0@adventure-works.com,855-555-0174,Main Office,Rocky Mountain Pines Outlet,null,Loveland,Colorado,United States,80537
Mr. Maxwell Amland,maxwell0@adventure-works.com,614-555-0134,Main Office,Suite 99320 255 - 510th Avenue S.W.,null,Calgary,Alberta,Canada,T2P 2G8
Ms. Ramona Antrim,ramona0@adventure-works.com,327-555-0148,Main Office,998 Forest Road,null,Saginaw,Michigan,United States,48601
Mr. Tom Johnston,tom1@adventure-works.com,883-555-0177,Main Office,Belz Factory Outlet,null,Las Vegas,Nevada,United States,89106
Mr. Thomas Armstrong,thomas1@adventure-works.com,226-555-0146,Main Office,Fox Hills,null,Culver City,California,United States,90232
Mr. John Arthur,john6@adventure-works.com,149-555-0113,Main Office,2345 North Freeway,null,Houston,Texas,United States,77003
Mr. Chris Ashton,chris3@adventure-works.com,556-555-0145,Main Office,70 N.W. Plaza,null,Saint Ann,Missouri,United States,63074
Ms. Teresa Atkinson,teresa0@adventure-works.com,129-555-0110,Main Office,The Citadel Commerce Plaza,null,City Of Commerce,California,United States,90040
Mr. Robert Avalos,robert2@adventure-works.com,665-555-0198,Main Office,700 Bureau Road,null,Montreal,Quebec,Canada,H1Y 2H7
Mr. Stephen Ayers,stephen1@adventure-works.com,818-555-0171,Main Office,2533 Eureka Rd.,null,Southgate,Michigan,United States,48195
Mr. Daniel Blanco,daniel0@adventure-works.com,221-555-0167,Main Office,Suite 800 2530 Slater Street,null,Ottawa,Ontario,Canada,K4B 1T7
Mr. Cory Booth,cory0@adventure-works.com,121-555-0157,Main Office,Eastern Beltway Center,null,Las Vegas,Nevada,United States,89106
Mr. James Bailey,james3@adventure-works.com,234-555-0112,Main Office,Southgate Mall,null,Missoula,Montana,United States,59801
Mr. Douglas Baldwin,douglas1@adventure-works.com,583-555-0130,Main Office,Horizon Outlet Center,null,Holland,Michigan,United States,49423
Mr. Wayne Banack,wayne0@adventure-works.com,640-555-0189,Main Office,48255 I-10 E. @ Eastpoint Blvd.,null,Baytown,Texas,United States,77520
Mr. Robert Barker,robert3@adventure-works.com,241-555-0112,Main Office,6789 Warren Road,null,Westland,Michigan,United States,48185
Mr. Josh Barnhill,josh0@adventure-works.com,584-555-0192,Main Office,25 First Canadian Place,null,Toronto,Ontario,Canada,M4B 1V5
 Gytis Barzdukas,gytis0@adventure-works.com,257-555-0119,Main Office,25900-700-9th Ave S.W.,null,Calgary,Alberta,Canada,T2P 2G8
Mr. Shaun Beasley,shaun0@adventure-works.com,396-555-0187,Main Office,2500-622 5th Ave Sw,null,Calgary,Alberta,Canada,T2P 2G8
Mr. John Beaver,john8@adventure-works.com,521-555-0195,Shipping,1318 Lasalle Street,null,Bothell,Washington,United States,98011
Mr. John Beaver,john8@adventure-works.com,521-555-0195,Main Office,99300 223rd Southeast,null,Bothell,Washington,United States,98011
Mr. Christopher Beck,christopher1@adventure-works.com,1 (11) 500 555-0132,Main Office,"93-2501, Blackfriars Road,",null,London,England,United Kingdom,SE1 8HL
Ms. Ann Beebe,ann0@adventure-works.com,277-555-0169,Main Office,25537 Hillside Avenue,null,Victoria,British Columbia,Canada,V8V
Mr. Stanley Alan,stanley0@adventure-works.com,156-555-0126,Main Office,567 Sw Mcloughlin Blvd,null,Milwaukie,Oregon,United States,97222
Ms. Edna Benson,edna0@adventure-works.com,789-555-0189,Main Office,Po Box 8035996,null,Dallas,Texas,United States,75201
Mr. Payton Benson,payton0@adventure-works.com,528-555-0183,Main Office,997000 Telegraph Rd.,null,Southfield,Michigan,United States,48034
Mr. Alexander Berger,alexander0@adventure-works.com,519-555-0151,Main Office,"253711 Mayfield Place, Unit 150",null,Richmond,British Columbia,Canada,V6B 3P7
Mr. John Berger,john10@adventure-works.com,156-555-0111,Main Office,5700 Explorer Drive,null,Mississauga,Ontario,Canada,L4W 5J3
Mr. Robert Bernacchi,robert4@adventure-works.com,449-555-0176,Shipping,2681 Eagle Peak,null,Bellevue,Washington,United States,98004
Mr. Robert Bernacchi,robert4@adventure-works.com,449-555-0176,Main Office,25915 140th Ave Ne,null,Bellevue,Washington,United States,98004
Mr. Matthias Berndt,matthias1@adventure-works.com,384-555-0169,Main Office,Escondido,null,Escondido,California,United States,92025
Mr. Steven Brown,steven1@adventure-works.com,280-555-0124,Main Office,5500 Grossmont Center Drive,null,La Mesa,California,United States,91941
Mr. Jimmy Bischoff,jimmy1@adventure-works.com,992-555-0111,Main Office,3065 Santa Margarita Parkway,null,Trabuco Canyon,California,United States,92679
Ms. Mae Black,mae1@adventure-works.com,264-555-0143,Main Office,Redford Plaza,null,Redford,Michigan,United States,48239
Ms. Jackie Blackwell,jackie0@adventure-works.com,972-555-0163,Main Office,2575 Bloor Street East,null,Toronto,Ontario,Canada,M4B 1V6
Mr. Donald Blanton,donald0@adventure-works.com,357-555-0161,Main Office,Corporate Office,null,El Segundo,California,United States,90245
Ms. Linda Burnett,linda4@adventure-works.com,121-555-0121,Main Office,2505 Gateway Drive,null,North Sioux City,South Dakota,United States,57049
Mr. Michael Blythe,michael11@adventure-works.com,126-555-0172,Main Office,9903 Highway 6 South,null,Houston,Texas,United States,77003
Ms. Gabriel Bockenkamp,gabriel0@adventure-works.com,763-555-0145,Main Office,67 Rainer Ave S,null,Renton,Washington,United States,98055
Sr. Luis Bonifaz,luis0@adventure-works.com,688-555-0113,Main Office,72502 Eastern Ave.,null,Bell Gardens,California,United States,90201
Mr. Randall Boseman,randall0@adventure-works.com,383-555-0117,Main Office,2500 North Stemmons Freeway,null,Dallas,Texas,United States,75201
Mr. Eli Bowen,eli0@adventure-works.com,371-555-0143,Main Office,63 West Beaver Creek,null,Richmond Hill,Ontario,Canada,L4E 3M5
Mr. Lester Bowman,lester0@adventure-works.com,844-555-0112,Main Office,770 Notre Datme Quest Bureau 800,null,Montreal,Quebec,Canada,H1Y 2H7
Mr. Cornelius Brandon,cornelius0@adventure-works.com,229-555-0114,Main Office,789 West Alameda,null,Westminster,Colorado,United States,80030
Mr. Richard Bready,richard1@adventure-works.com,340-555-0131,Main Office,4251 First Avenue,null,Seattle,Washington,United States,98104
Mr. Ted Bremer,ted0@adventure-works.com,962-555-0166,Main Office,Bldg. 9n/99298,null,Redmond,Washington,United States,98052
Mr. Alan Brewer,alan1@adventure-works.com,494-555-0134,Main Office,4255 East Lies Road,null,Carol Stream,Illinois,United States,60188
Mr. Walter Brian,walter0@adventure-works.com,163-555-0155,Main Office,25136 Jefferson Blvd.,null,Culver City,California,United States,90232
Mr. Christopher Bright,christopher2@adventure-works.com,162-555-0166,Main Office,Washington Square,null,Portland,Oregon,United States,97205
Mr. John Brooks,john12@adventure-works.com,1 (11) 500 555-0179,Main Office,99-3 Forest Works,null,London,England,United Kingdom,E17 6JF
Mr. Willie Brooks,willie0@adventure-works.com,525-555-0174,Main Office,Holiday Village Mall,null,Great Falls,Montana,United States,59401
Mr. Jo Brown,jo2@adventure-works.com,689-555-0130,Main Office,250000 Eight Mile Road,null,Detroit,Michigan,United States,48226
Mr. Robert Brown,robert5@adventure-works.com,575-555-0189,Main Office,250880 Baur Blvd,null,Saint Louis,Missouri,United States,63103
Ms. Mary Browning,mary5@adventure-works.com,658-555-0146,Main Office,Noah Lane,null,Chicago,Illinois,United States,60610
Mr. Eric Brumfield,eric3@adventure-works.com,644-555-0114,Main Office,600 Slater Street,null,Ottawa,Ontario,Canada,K4B 1S2
Mr. Michael Brundage,michael13@adventure-works.com,128-555-0148,Main Office,22555 Paseo De Las Americas,null,San Diego,California,United States,92102
Ms. Shirley Bruner,shirley0@adventure-works.com,383-555-0155,Main Office,4781 Highway 95,null,Sandpoint,Idaho,United States,83864
Ms. June Brunner,june0@adventure-works.com,249-555-0172,Main Office,678 Eastman Ave.,null,Midland,Michigan,United States,48640
Mr. Dirk Bruno,dirk0@adventure-works.com,817-555-0114,Main Office,251 Indell Lane,null,Brampton,Ontario,Canada,L6W 2T7
Sra. Janaina Barreiro Gambaro Bueno,janainabarreirogambaro0@adventure-works.com,476-555-0184,Main Office,995 Crescent,null,Richmond Hill,Ontario,Canada,L4E 3M5
Ms. Megan Burke,megan0@adventure-works.com,148-555-0149,Main Office,Arcadia Crossing,null,Phoenix,Arizona,United States,85004
Ms. Karren Burkhardt,karren0@adventure-works.com,652-555-0132,Main Office,2502 Evergreen Ste E,null,Everett,Washington,United States,98201
Mr. Timothy Burnett,timothy0@adventure-works.com,251-555-0172,Main Office,45259 Canada Way,null,Burnaby,British Columbia,Canada,V5G 4S4
Mr. Jared Bustamante,jared0@adventure-works.com,164-555-0147,Main Office,3307 Evergreen Blvd,Ste 1071,Washougal,Washington,United States,98671
Mr. Richard Byham,richard2@adventure-works.com,1 (11) 500 555-0138,Main Office,Knaves Beech Ind.,null,High Wycombe,England,United Kingdom,HP10 9QY
Mr. Ryan Calafato,ryan1@adventure-works.com,726-555-0155,Main Office,254480 River Rd,null,Richmond,British Columbia,Canada,V6B 3P7
Ms. Mari Caldwell,mari0@adventure-works.com,1 (11) 500 555-0118,Main Office,2524 Barlby Road,null,London,England,United Kingdom,W10 6BL
Ms. Barbara Calone,barbara2@adventure-works.com,145-555-0152,Main Office,25306 Harvey Rd.,null,College Station,Texas,United States,77840
Ms. Lindsey Camacho,lindsey0@adventure-works.com,827-555-0143,Main Office,S Sound Ctr Suite 25300,null,Lacey,Washington,United States,98503
Sr. Gustavo Camargo,gustavo1@adventure-works.com,1 (11) 500 555-0118,Main Office,Ellesfield Ave,null,Bracknell,England,United Kingdom,RG12 8TB
Ms. Joan Campbell,joan0@adventure-works.com,700-555-0155,Main Office,P.O. Box 44000,null,Winnipeg,Manitoba,Canada,R3
Mr. Henry Campen,henry0@adventure-works.com,635-555-0126,Main Office,2507 Pacific Ave S,null,Tacoma,Washington,United States,98403
Mr. Chris Cannon,chris5@adventure-works.com,118-555-0131,Main Office,Lakewood Mall,null,Lakewood,California,United States,90712
Ms. Suzana De Abreu Canuto,suzanadeabreu0@adventure-works.com,990-555-0141,Main Office,20225 Lansing Ave,null,Montreal,Quebec,Canada,H1Y 2H7
Mr. Johnny Caprio,johnny0@adventure-works.com,112-555-0191,Main Office,22580 Free Street,null,Toronto,Ontario,Canada,M4B 1V7
Mr. Carlton Carlisle,carlton0@adventure-works.com,193-555-0116,Main Office,400-25155 West Pender St,null,Vancouver,British Columbia,Canada,V7L 4J4
Ms. Jane Carmichael,jane0@adventure-works.com,716-555-0167,Main Office,5967 W Las Positas Blvd,null,Pleasanton,California,United States,94566
Ms. Jovita Carmody,jovita0@adventure-works.com,646-555-0137,Main Office,253950 N.E. 178th Place,null,Woodinville,Washington,United States,98072
Mr. Rob Caron,rob2@adventure-works.com,620-555-0117,Main Office,Ward Parkway Center,null,Kansas City,Missouri,United States,64106
Mr. Andy Carothers,andy1@adventure-works.com,944-555-0148,Main Office,566 S. Main,null,Cedar City,Utah,United States,84720
Ms. Donna Carreras,donna0@adventure-works.com,279-555-0130,Main Office,12345 Sterling Avenue,null,Irving,Texas,United States,75061
Ms. Rosmarie Carroll,rosmarie0@adventure-works.com,244-555-0112,Main Office,39933 Mission Oaks Blvd,null,Camarillo,California,United States,93010
Mr. Joseph Castellucio,joseph1@adventure-works.com,180-555-0114,Main Office,2511 Baker Road,null,Toronto,Ontario,Canada,M4B 1V7
Mr. Raul Casts,raul0@adventure-works.com,362-555-0162,Main Office,99040 California Avenue,null,Sand City,California,United States,93955
Mr. Matthew Cavallari,matthew1@adventure-works.com,695-555-0161,Main Office,North 93270 Newport Highway,null,Spokane,Washington,United States,99202
Ms. Brigid Cavendish,brigid0@adventure-works.com,1 (11) 500 555-0178,Main Office,Banbury,null,Oxon,England,United Kingdom,OX16 8RS
Mr. Andrew Cencini,andrew2@adventure-works.com,644-555-0111,Main Office,558 S 6th St,null,Klamath Falls,Oregon,United States,97601
Ms. Stacey Cereghino,stacey0@adventure-works.com,351-555-0131,Main Office,220 Mercy Drive,null,Garland,Texas,United States,75040
Mr. Pat Chambers,pat1@adventure-works.com,127-555-0124,Main Office,"30025 Wayburne Drive, Suite 275",null,Burnaby,British Columbia,Canada,V5G 4W1
Mr. Forrest Chandler,forrest0@adventure-works.com,448-555-0179,Main Office,The Quad @ WestView,null,Whittier,California,United States,90605
Mr. Lee Chapla,lee0@adventure-works.com,223-555-0184,Main Office,99433 S. Greenbay Rd.,null,Racine,Wisconsin,United States,53182
Mr. Pei Chow,pei0@adventure-works.com,789-555-0184,Main Office,4660 Rodeo Road,null,Santa Fe,New Mexico,United States,87501
Mr. Yao-Qiang Cheng,yao-qiang0@adventure-works.com,344-555-0181,Main Office,25 N State St,null,Chicago,Illinois,United States,60610
Ms. Nicky Chesnut,nicky0@adventure-works.com,264-555-0164,Main Office,9920 North Telegraph Rd.,null,Pontiac,Michigan,United States,48342
Ms. Ruth Choin,ruth1@adventure-works.com,273-555-0181,Main Office,7760 N. Pan Am Expwy,null,San Antonio,Texas,United States,78204
Mr. Anthony Chor,anthony0@adventure-works.com,429-555-0145,Main Office,Riverside,null,Sherman Oaks,California,United States,91403
Ms. Jill Christie,jill1@adventure-works.com,927-555-0198,Main Office,54254 Pacific Ave.,null,Stockton,California,United States,95202
Ms. Alice Clark,alice1@adventure-works.com,221-555-0141,Main Office,42500 W 76th St,null,Chicago,Illinois,United States,60610
Ms. Jane Clayton,jane1@adventure-works.com,206-555-0195,Main Office,Po Box 83270,null,Vancouver,British Columbia,Canada,V7L 4J4
Ms. Connie Coffman,connie0@adventure-works.com,426-555-0181,Main Office,25269 Wood Dale Rd.,null,Wood Dale,Illinois,United States,60191
Mr. Pat Coleman,pat2@adventure-works.com,292-555-0128,Main Office,25245 Rue Sherbrooke Ouest,null,Montreal,Quebec,Canada,H1Y 2H5
Mr. John Colon,john14@adventure-works.com,397-555-0144,Main Office,77 Beale Street,Room 99767c,San Francisco,California,United States,94109
Mr. Scott Colvin,scott1@adventure-works.com,119-555-0144,Main Office,25550 Executive Dr,null,Elgin,Illinois,United States,60120
Mr. William Conner,william1@adventure-works.com,383-555-0111,Main Office,2560 Bay Street,null,Toronto,Ontario,Canada,M4B 1V7
Ms. Dorothy Contreras,dorothy0@adventure-works.com,428-555-0176,Main Office,Suite 25800 3401 - 10810th Avenue,null,Surrey,British Columbia,Canada,V3T 4W3
Mr. Scott Cooper,scott2@adventure-works.com,773-555-0182,Main Office,Pavillion @ Redlands,null,Redlands,California,United States,92373
Ms. Eva Corets,eva0@adventure-works.com,542-555-0164,Main Office,2540 Dell Range Blvd,null,Cheyenne,Wyoming,United States,82001
Mr. Marlin Coriell,marlin0@adventure-works.com,941-555-0155,Main Office,99800 Tittabawasee Rd.,null,Saginaw,Michigan,United States,48601
Mr. Jack Creasey,jack2@adventure-works.com,539-555-0182,Main Office,Factory Merchants,null,Barstow,California,United States,92311
Mr. Grant Culbertson,grant1@adventure-works.com,859-555-0173,Main Office,399700 John R. Rd.,null,Madison Heights,Michigan,United States,48071
Mr. Scott Culp,scott3@adventure-works.com,119-555-0167,Main Office,750 Lakeway Dr,null,Bellingham,Washington,United States,98225
Mr. Conor Cunningham,conor0@adventure-works.com,115-555-0113,Main Office,Sports Store At Park City,null,Park City,Utah,United States,84098
Mr. Thierry D'Hers,thierry1@adventure-works.com,680-555-0192,Main Office,Box 99354 300 Union Street,null,Saint John,Brunswick,Canada,E2P 1E3
Ms. Megan Davis,megan1@adventure-works.com,839-555-0198,Main Office,48995 Evergreen Wy.,null,Everett,Washington,United States,98201
Sr. Alvaro De Matos Miranda Filho,alvaro0@adventure-works.com,551-555-0155,Main Office,Mountain Square,null,Upland,California,United States,91786
Mr. Jacob Dean,jacob0@adventure-works.com,767-555-0151,Main Office,#9900 2700 Production Way,null,Burnaby,British Columbia,Canada,V5A 4X1
Mr. Alexander Deborde,alexander1@adventure-works.com,394-555-0176,Main Office,6777 Kingsway,null,Burnaby,British Columbia,Canada,V5H 3Z7
Ms. Aidan Delaney,aidan0@adventure-works.com,358-555-0188,Main Office,Corporate Office,null,Garland,Texas,United States,75040
Mr. Stefan Delmarco,stefan0@adventure-works.com,819-555-0186,Main Office,Incom Sports Center,null,Ontario,California,United States,91764
Ms. Della Demott Jr,della0@adventure-works.com,752-555-0185,Main Office,25575 The Queensway,null,Etobicoke,Ontario,Canada,M9W 3P3
Mr. Prashanth Desai,prashanth0@adventure-works.com,138-555-0156,Main Office,Sapp Road West,null,Round Rock,Texas,United States,78664
Ms. Bev Desalvo,bev0@adventure-works.com,143-555-0113,Main Office,7009 Sw Hall Blvd.,null,Tigard,Oregon,United States,97223
Ms. Brenda Diaz,brenda2@adventure-works.com,147-555-0192,Main Office,2560 E. Newlands Dr,null,Fernley,Nevada,United States,89408
Ms. Gabriele Dickmann,gabriele0@adventure-works.com,835-555-0116,Main Office,250551 Shellbridge Way,null,Richmond,British Columbia,Canada,V6B 3P7
Mr. Dick Dievendorff,dick1@adventure-works.com,1 (11) 500 555-0193,Main Office,Bradford,"Raven House, Kingsgate",W. York,England,United Kingdom,BD1 4SJ
Mr. Rudolph Dillon,rudolph0@adventure-works.com,722-555-0169,Main Office,595 Burning Street,null,Vancouver,British Columbia,Canada,V7L 4J4
Mr. Blaine Dockter,blaine0@adventure-works.com,156-555-0187,Main Office,99000 S. Avalon Blvd. Suite 750,null,Carson,California,United States,90746
Ms. Cindy Dodd,cindy0@adventure-works.com,706-555-0140,Main Office,994 Sw Cherry Park Rd,null,Troutdale,Oregon,United States,97060
Ms. Patricia Doyle,patricia0@adventure-works.com,899-555-0134,Main Office,225 South 314th Street,null,Federal Way,Washington,United States,98003
Mr. Gerald Drury,gerald0@adventure-works.com,169-555-0178,Main Office,4635 S. Harrison Blvd.,null,Ogden,Utah,United States,84401
Mr. Reuben D'sa,reuben1@adventure-works.com,916-555-0137,Main Office,"9950 Ferrand Drive, 9th Floor",null,Toronto,Ontario,Canada,M4B 1V4
Mr. Bart Duncan,bart0@adventure-works.com,539-555-0121,Main Office,99295 S.e. Tualatin Valley_hwy.,null,Hillsboro,Oregon,United States,97123
Mr. Maciej Dusza,maciej1@adventure-works.com,962-555-0144,Main Office,2564 S. Redwood Rd.,null,Riverton,Utah,United States,84065
Ms. Linda Ecoffey,linda5@adventure-works.com,674-555-0188,Main Office,"67255 - 8th Street N.E., Suite 350",null,Calgary,Alberta,Canada,T2P 2G8
Ms. Carol Elliott,carol2@adventure-works.com,847-555-0151,Main Office,25220 Airline Road,null,Corpus Christi,Texas,United States,78404
Ms. Shannon Elliott,shannon0@adventure-works.com,425-555-0158,Main Office,Factory Stores/tucson,null,Tucson,Arizona,United States,85701
Ms. Jauna Elson,jauna0@adventure-works.com,185-555-0190,Main Office,2573 Dufferin Street,null,Toronto,Ontario,Canada,M4B 1V5
Mr. Terry Eminhizer,terry1@adventure-works.com,1 (11) 500 555-0176,Main Office,Warrington Ldc Unit 25/2,null,Woolston,England,United Kingdom,WA1 4SY
Mr. John Emory,john16@adventure-works.com,691-555-0149,Main Office,Medford,null,Medford,Oregon,United States,97504
Ms. Gail Erickson,gail1@adventure-works.com,834-555-0132,Main Office,44025 W. Empire,null,Denby,South Dakota,United States,57716
Mr. Mark Erickson,mark2@adventure-works.com,962-555-0112,Main Office,Factory Stores Of America,null,Mesa,Arizona,United States,85201
Ms. Martha Espinoza,martha0@adventure-works.com,753-555-0179,Main Office,6700 Boul Taschereau,null,Brossard,Quebec,Canada,J4Z 1C5
Sra. Janeth Esteves,janeth1@adventure-works.com,1 (11) 500 555-0136,Main Office,"6 The Farm, Liberty Road",null,Maidenhead,England,United Kingdom,SL67RJ
Ms. Twanna Evans,twanna0@adventure-works.com,554-555-0124,Main Office,Lewis County Mall,null,Chehalis,Washington,United States,98532
Ms. Ann Evans,ann1@adventure-works.com,252-555-0127,Main Office,Ring Plaza,null,Norridge,Illinois,United States,60706
Mr. John Evans,john17@adventure-works.com,581-555-0172,Main Office,7709 West Virginia Avenue,null,Phoenix,Arizona,United States,85004
Ms. Carolyn Farino,carolyn0@adventure-works.com,957-555-0125,Main Office,3250 South Meridian,null,Puyallup,Washington,United States,98371
Ms. Geri Farrell,geri0@adventure-works.com,329-555-0183,Main Office,49925 Crestview Drive N.E.,null,Rio Rancho,New Mexico,United States,87124
Ms. Rhoda Finley,rhoda0@adventure-works.com,920-555-0191,Main Office,6030 Conroy Road,null,Ottawa,Ontario,Canada,K4B 1S3
Ms. Kathie Flood,kathie1@adventure-works.com,627-555-0192,Main Office,705 SE Mall Parkway,null,Everett,Washington,United States,98201
Ms. Kelly Focht,kelly0@adventure-works.com,272-555-0123,Main Office,5990 Avebury Road,null,Mississauga,Ontario,Canada,L5B 3V4
Mr. Garth Fort,garth0@adventure-works.com,768-555-0125,Main Office,3250 Baldwin Park Blvd,null,Baldwin Park,California,United States,91706
Ms. Dorothy Fox,dorothy1@adventure-works.com,191-555-0198,Main Office,Lakeline Mall,null,Cedar Park,Texas,United States,78613
Ms. Susan French,susan3@adventure-works.com,994-555-0194,Main Office,69251 Creditview Road,null,Mississauga,Ontario,Canada,L5B 3V4
Mr. Mihail Frintu,mihail1@adventure-works.com,777-555-0163,Main Office,Bayshore Mall,null,Eureka,California,United States,95501
Mr. John Ford,john19@adventure-works.com,596-555-0153,Main Office,23025 S.W. Military Rd.,null,San Antonio,Texas,United States,78204
Mr. Paul Fulton,paul3@adventure-works.com,492-555-0146,Main Office,Horizon Outlet Center,null,Monroe,Michigan,United States,98272
Mr. Bob Gage,bob1@adventure-works.com,962-555-0175,Main Office,"43251 Viking Way, Unit 130",null,Richmond,British Columbia,Canada,V6B 3P7
Mr. Michael Galos,michael15@adventure-works.com,912-555-0149,Main Office,West Park Plaza,null,Irvine,California,United States,92614
Mr. Jon Ganio,jon0@adventure-works.com,672-555-0112,Main Office,3900 S. 997th St.,null,Milwaukee,Wisconsin,United States,53202
Ms. Kathleen Garza,kathleen0@adventure-works.com,150-555-0127,Main Office,6388 Lake City Way,null,Burnaby,British Columbia,Canada,V5A 3A6
Mr. Dominic Gash,dominic0@adventure-works.com,192-555-0173,Main Office,5420 West 22500 South,null,Salt Lake City,Utah,United States,84101
Ms. Janet Gates,janet1@adventure-works.com,710-555-0173,Main Office,800 Interchange Blvd.,Suite 2501,Austin,Texas,United States,78701
Ms. Janet Gates,janet1@adventure-works.com,710-555-0173,Shipping,165 North Main,null,Austin,Texas,United States,78701
Mr. Orlando Gee,orlando0@adventure-works.com,245-555-0173,Main Office,2251 Elliot Avenue,null,Seattle,Washington,United States,98104
Mr. Darren Gehring,darren0@adventure-works.com,417-555-0182,Main Office,509 Nafta Boulevard,null,Laredo,Texas,United States,78040
Mr. Jim Geist,jim1@adventure-works.com,724-555-0161,Main Office,35525-9th Street Sw,null,Puyallup,Washington,United States,98371
Ms. Barbara German,barbara4@adventure-works.com,1 (11) 500 555-0181,Main Office,"Science Park South, Birchwood",Stanford House,Warrington,England,United Kingdom,WA3 7BH
Mr. Leo Giakoumakis,leo0@adventure-works.com,1 (11) 500 555-0169,Main Office,"Elmhurst Road, Goring",null,Reading,England,United Kingdom,RG7 5H7
Mr. Frances Giglio,frances1@adventure-works.com,692-555-0136,Main Office,9979 Bayview Drive,null,Barrie,Ontario,Canada,L4N
Mr. Guy Gilbert,guy0@adventure-works.com,583-555-0198,Main Office,Vista Marketplace,null,Alhambra,California,United States,91801
Ms. Janet Gilliat,janet2@adventure-works.com,521-555-0183,Main Office,9995 West Central Entrance,null,Duluth,Minnesota,United States,55802
Ms. Mary Gimmi,mary6@adventure-works.com,149-555-0196,Main Office,5525 South Hover Road,null,Longmont,Colorado,United States,80501
Ms. Jeanie Glenn,jeanie0@adventure-works.com,669-555-0149,Main Office,9909 W. Ventura Boulevard,null,Camarillo,California,United States,93010
Ms. Diane Glimp,diane3@adventure-works.com,898-555-0137,Main Office,4400 March Road,null,Kanata,Ontario,Canada,K2L 1H5
Mr. Scott Gode,scott4@adventure-works.com,164-555-0145,Main Office,2583 Se 272nd St,null,Kent,Washington,United States,98031
Mr. Mete Goktepe,mete0@adventure-works.com,637-555-0120,Main Office,Hanford Mall,null,Hanford,California,United States,93230
Mr. Brian Goldstein,brian4@adventure-works.com,495-555-0161,Main Office,965 De La Gauchetiere West,null,Montreal,Quebec,Canada,H1Y 2H8
Ms. Abigail Gonzalez,abigail0@adventure-works.com,121-555-0139,Main Office,99450 Highway 59 North,null,Humble,Texas,United States,77338
Mr. Michael Graff,michael16@adventure-works.com,132-555-0150,Main Office,9700 Sisk Road,null,Modesto,California,United States,95354
Mr. Derek Graham,derek0@adventure-works.com,674-555-0187,Main Office,655-4th Ave S.W.,null,Calgary,Alberta,Canada,T2P 2G8
Mr. Jon Grande,jon1@adventure-works.com,1 (11) 500 555-0114,Main Office,Galashiels,null,Liverpool,England,United Kingdom,L4 4HB
Ms. Jane Greer,jane2@adventure-works.com,737-555-0163,Main Office,2550 Signet Drive,null,Weston,Ontario,Canada,M9V 4W3
Mr. Douglas Groncki,douglas2@adventure-works.com,385-555-0140,Main Office,70259 West Sunnyview Ave,null,Visalia,California,United States,93291
Mr. Brian Groth,brian5@adventure-works.com,461-555-0118,Main Office,Gateway,null,Portland,Oregon,United States,97205
Ms. Hattie Haemon,hattie0@adventure-works.com,141-555-0172,Main Office,55 Lakeshore Blvd East,null,Toronto,Ontario,Canada,M4B 1V6
Ms. Erin Hagens,erin1@adventure-works.com,244-555-0127,Main Office,25001 Montague Expressway,null,Milpitas,California,United States,95035
Ms. Betty Haines,betty0@adventure-works.com,867-555-0114,Main Office,640 South 994th St. W.,null,Billings,Montana,United States,59101
Mr. Bryan Hamilton,bryan2@adventure-works.com,344-555-0144,Main Office,Station E,null,Chalk Riber,Ontario,Canada,K0J 1J0
Mr. Kerim Hanif,kerim0@adventure-works.com,216-555-0122,Main Office,60025 Bollinger Canyon Road,null,San Ramon,California,United States,94583
Ms. Jean Handley,jean1@adventure-works.com,582-555-0113,Main Office,259826 Russell Rd. South,null,Kent,Washington,United States,98031
Ms. Katherine Harding,katherine0@adventure-works.com,926-555-0159,Main Office,52560 Free Street,null,Toronto,Ontario,Canada,M4B 1V7
Mr. Lucy Harrington,lucy0@adventure-works.com,828-555-0186,Main Office,482505 Warm Springs Blvd.,null,Fremont,California,United States,94536
Mr. Keith Harris,keith0@adventure-works.com,170-555-0127,Shipping,7943 Walnut Ave,null,Renton,Washington,United States,98055
Mr. Keith Harris,keith0@adventure-works.com,170-555-0127,Main Office,3207 S Grady Way,null,Renton,Washington,United States,98055
Mr. Roger Harui,roger0@adventure-works.com,774-555-0133,Main Office,9927 N. Main St.,null,Tooele,Utah,United States,84074
Ms. Ann Hass,ann2@adventure-works.com,713-555-0168,Main Office,Medford Outlet Center,null,Medford,Minnesota,United States,55049
Mr. James Haugh,james8@adventure-works.com,763-555-0120,Main Office,"660 Saint-Jacques, Bureau 400",null,Montreal,Quebec,Canada,H1Y 2H8
Ms. Brenda Heaney,brenda3@adventure-works.com,393-555-0167,Main Office,990th Floor 700 De La GauchetiSre Ou,null,Montreal,Quebec,Canada,H1Y 2H3
Mr. John Hanson,john20@adventure-works.com,107-555-0117,Main Office,825 W 500 S,null,Bountiful,Utah,United States,84010
Ms. Valerie Hendricks,valerie0@adventure-works.com,859-555-0140,Main Office,Kansas City Factory Outlet,null,Odessa,Missouri,United States,64076
Mr. Kari Hensien,kari0@adventure-works.com,143-555-0129,Main Office,"253131 Lake Frasier Drive, Office No. 2",null,Calgary,Alberta,Canada,T2P 2G8
Ms. Irene Hernandez,irene0@adventure-works.com,790-555-0197,Main Office,"25730, boul. St-Régis",null,Dorval,Quebec,Canada,H9P 1H1
Mr. Jésus Hernandez,jésus0@adventure-works.com,214-555-0145,Main Office,"32605 West 252 Mile Road, Suite 250",null,Aurora,Ontario,Canada,L4G 7N6
Ms. Cheryl Herring,cheryl0@adventure-works.com,158-555-0154,Main Office,Corp Ofc Accts Payable,null,El Segundo,California,United States,90245
Mr. Ronald Heymsfield,ronald1@adventure-works.com,784-555-0120,Main Office,250775 SW Hillsdale Hwy,null,Beaverton,Oregon,United States,97005
Mr. Andrew Hill,andrew4@adventure-works.com,194-555-0149,Main Office,7000 Victoria Park Avenue,null,Toronto,Ontario,Canada,M4B 1V4
Mr. Mike Hines,mike3@adventure-works.com,454-555-0160,Main Office,25250 N 90th St,null,Scottsdale,Arizona,United States,85257
Mr. Matthew Hink,matthew3@adventure-works.com,146-555-0176,Main Office,No. 60 Bellis Fair Parkway,null,Bellingham,Washington,United States,98225
Mr. David Hodgson,david16@adventure-works.com,969-555-0117,Main Office,99700 Bell Road,null,Auburn,California,United States,95603
Ms. Helge Hoeing,helge0@adventure-works.com,850-555-0198,Main Office,Cedar Creek Stores,null,Mosinee,Wisconsin,United States,54455
Mr. Bob Hodges,bob2@adventure-works.com,129-555-0120,Main Office,Ohms Road,null,Houston,Texas,United States,77003
Ms. Jean Holloway,jean2@adventure-works.com,1 (11) 500 555-0181,Main Office,Unit 99a Battery Retail Pk,null,Birmingham,England,United Kingdom,B29 6SL
Mr. Eddie Holmes,eddie0@adventure-works.com,570-555-0199,Main Office,"Bureau 9900 825, Avenue Querbes",null,Outremont,Quebec,Canada,H1Y 2G5
Ms. Juanita Holman,juanita0@adventure-works.com,996-555-0196,Main Office,Lake Elisnor Place,null,Lake Elsinore,California,United States,92530
Mr. Peter Houston,peter3@adventure-works.com,632-555-0171,Main Office,1200 First Ave.,null,Joliet,Illinois,United States,60433
Mr. Curtis Howard,curtis0@adventure-works.com,555-555-0162,Main Office,"6th Floor, 25st Canadian Place",null,Toronto,Ontario,Canada,M4B 1V5
Ms. Janice Hows,janice1@adventure-works.com,1 (11) 500 555-0119,Main Office,399 Clearing Green,null,London,England,United Kingdom,EC1R 0DU
Mr. George Huckaby,george1@adventure-works.com,851-555-0127,Main Office,3390 South 23rd St.,null,Tacoma,Washington,United States,98403
Mr. Joshua Huff,joshua0@adventure-works.com,190-555-0186,Main Office,Management Mall,null,San Antonio,Texas,United States,78204
Ms. Arlene Huff,arlene0@adventure-works.com,1 (11) 500 555-0146,Main Office,2574 Milton Park,null,Oxford,England,United Kingdom,OX14 4SE
Ms. Phyllis Huntsman,phyllis1@adventure-works.com,153-555-0195,Main Office,City Center,null,Minneapolis,Minnesota,United States,55402
Ms. Phyllis Huntsman,phyllis1@adventure-works.com,153-555-0195,Shipping,99 Front Street,null,Minneapolis,Minnesota,United States,55402
Mr. Lawrence Hurkett,lawrence0@adventure-works.com,129-555-0185,Main Office,6753 Howard Hughes Parkway,null,Las Vegas,Nevada,United States,89106
Mr. Ryan Ihrig,ryan4@adventure-works.com,809-555-0152,Main Office,"250333 Southport Road, S.W.",null,Calgary,Alberta,Canada,T2P 2G8
Ms. Beth Inghram,beth0@adventure-works.com,718-555-0152,Main Office,9259 - 1110th Avenue Sw,null,Calgary,Alberta,Canada,T2P 2G8
Mr. Lucio Iallo,lucio0@adventure-works.com,199-555-0135,Main Office,Simi @ The Plaza,null,Simi Valley,California,United States,93065
Mr. Richard Irwin,richard4@adventure-works.com,367-555-0124,Main Office,"99828 Routh Street, Suite 825",null,Dallas,Texas,United States,75201
Mr. Erik Ismert,erik0@adventure-works.com,116-555-0163,Main Office,4927 S Meridian Ave Ste D,null,Puyallup,Washington,United States,98371
Ms. Denean Ison,denean0@adventure-works.com,1 (11) 500 555-0127,Main Office,"586 Fulham Road,",null,London,England,United Kingdom,SW6 SBY
Mr. Bronson Jacobs,bronson0@adventure-works.com,697-555-0131,Main Office,2510 Crew Court,null,Montreal,Quebec,Canada,H1Y 2H8
Mr. Eric Jacobsen,eric5@adventure-works.com,703-555-0120,Main Office,Topanga Plaza,null,Canoga Park,California,United States,91303
Ms. Jodan Jacobson,jodan0@adventure-works.com,652-555-0189,Main Office,6030 Robinson Road,null,Jefferson City,Missouri,United States,65101
Ms. Mary Alexander,mary7@adventure-works.com,344-555-0133,Main Office,2345 West Spencer Road,null,Lynnwood,Washington,United States,98036
Mr. David Jaffe,david17@adventure-works.com,1 (11) 500 555-0140,Main Office,Wade Road,null,Basingstoke Hants,England,United Kingdom,RG24 8PL
Ms. Vance Johns,vance0@adventure-works.com,103-555-0151,Main Office,65 Gamelin Street,null,Hull,Quebec,Canada,8Y
Ms. Joyce Jarvis,joyce0@adventure-works.com,458-555-0179,Main Office,955 E. County Line Rd.,null,Englewood,Colorado,United States,80110
Mr. Stephen Jiang,stephen3@adventure-works.com,910-555-0116,Main Office,9900 Ronson Drive,null,Etobicoke,Ontario,Canada,M9W 3P3
Ms. Danielle Johnson,danielle1@adventure-works.com,356-555-0190,Main Office,955 Green Valley Crescent,null,Ottawa,Ontario,Canada,K4B 1S1
Mr. Barry Johnson,barry1@adventure-works.com,858-555-0140,Main Office,2530 South Colorado Blvd.,null,Denver,Colorado,United States,80203
Mr. Barry Johnson,barry1@adventure-works.com,858-555-0140,Shipping,2000 300th Street,null,Denver,Colorado,United States,80203
Mr. Brian Johnson,brian6@adventure-works.com,320-555-0134,Main Office,625 W Jackson Blvd. Unit 2502,null,Chicago,Illinois,United States,60610
Mr. David Johnson,david18@adventure-works.com,476-555-0139,Main Office,7990 Ocean Beach Hwy.,null,Longview,Washington,United States,98632
Ms. Jean Jordan,jean3@adventure-works.com,207-555-0129,Main Office,440 West Huntington Dr.,null,Monrovia,California,United States,91016
Ms. Peggy Justice,peggy0@adventure-works.com,170-555-0189,Main Office,15 East Main,null,Port Orchard,Washington,United States,98366
Ms. Diane Krane,diane4@adventure-works.com,224-555-0126,Main Office,46460 West Oaks Drive,null,Novi,Michigan,United States,48375
Ms. Sandra Kitt,sandra2@adventure-works.com,303-555-0117,Main Office,258 King Street East,null,Toronto,Ontario,Canada,M4B 1V7
Mr. Sandeep Kaliyath,sandeep1@adventure-works.com,495-555-0113,Main Office,630 N. Capitol Ave.,null,San Jose,California,United States,95112
Ms. Lori Kane,lori2@adventure-works.com,765-555-0141,Main Office,9693 Louis H Lafontaine,null,Ville De'anjou,Quebec,Canada,J1G 2R3
Ms. Kay Krane,kay0@adventure-works.com,731-555-0187,Shipping,9228 Via Del Sol,null,Phoenix,Arizona,United States,85004
Ms. Kay Krane,kay0@adventure-works.com,731-555-0187,Main Office,Prime Outlets,null,Phoenix,Arizona,United States,85004
Mr. Sandeep Katyal,sandeep2@adventure-works.com,928-555-0117,Main Office,765 Delridge Way Sw,null,Seattle,Washington,United States,98104
Mr. Victor Kelley,victor0@adventure-works.com,112-555-0195,Main Office,2900 - 25055 Dunning Street,null,Vancouver,British Columbia,Canada,V7L 4J4
Mr. John Kelly,john22@adventure-works.com,330-555-0116,Main Office,Pacific West Outlet,null,Gilroy,California,United States,95020
Mr. Robert Kelly,robert7@adventure-works.com,510-555-0123,Main Office,6425 Nw Loop 410,null,San Antonio,Texas,United States,78204
Mr. Kevin Kennedy,kevin4@adventure-works.com,275-555-0179,Main Office,2550 Ne Sandy Blvd,null,Portland,Oregon,United States,97205
Ms. Mary Kesslep,mary8@adventure-works.com,1 (11) 500 555-0146,Main Office,Wharfdale Road,null,Berkshire,England,United Kingdom,RG11 5TP
Ms. Elizabeth Keyser,elizabeth2@adventure-works.com,656-555-0173,Main Office,"6400, 888 - 3rd Avenue",null,Calgary,Alberta,Canada,T2P 2G8
Mr. Imtiaz Khan,imtiaz0@adventure-works.com,249-555-0179,Main Office,25095 W. Florissant,null,Ferguson,Missouri,United States,63135
Ms. Karan Khanna,karan1@adventure-works.com,390-555-0150,Main Office,755 W Washington Ave Ste D,null,Sequim,Washington,United States,98382
Mr. Joe Kim,joe1@adventure-works.com,1 (11) 500 555-0144,Main Office,308-3250 Casting Road,null,York,England,United Kingdom,Y024 1GF
Mr. Shane Kim,shane2@adventure-works.com,155-555-0149,Main Office,No. 25400 10665 Jasper Avenue,null,Edmonton,Alberta,Canada,T5
Mr. Tim Kim,tim0@adventure-works.com,244-555-0115,Main Office,25 Danger Street West,Floor 7,Toronto,Ontario,Canada,M4B 1V5
Mr. Anton Kirilov,anton0@adventure-works.com,608-555-0162,Main Office,2575 Rocky Mountain Ave.,null,Loveland,Colorado,United States,80537
Mr. Christian Kleinerman,christian1@adventure-works.com,362-555-0177,Main Office,25150 El Camino Real,null,San Bruno,California,United States,94066
Mr. Andrew Kobylinski,andrew5@adventure-works.com,129-555-0185,Main Office,2526a Tri-Lake Blvd Ne,null,Kirkland,Washington,United States,98033
Mr. Kirk King,kirk2@adventure-works.com,979-555-0163,Main Office,2521 McPherson Street,null,Markham,Ontario,Canada,L3S 3K2
Mr. Eugene Kogan,eugene2@adventure-works.com,136-555-0134,Main Office,6756 Mowry,null,Newark,California,United States,94560
Mr. Scott Konersmann,scott6@adventure-works.com,556-555-0192,Main Office,52500 Liberty Way,null,Fort Worth,Texas,United States,76102
Ms. Joy Koski,joy0@adventure-works.com,810-555-0198,Main Office,258101 Nw Evergreen Parkway,null,Beaverton,Oregon,United States,97005
Ms. Pamala Kotc,pamala0@adventure-works.com,1 (11) 500 555-0173,Main Office,"Garamonde Drive, Wymbush",PO Box 4023,Milton Keynes,England,United Kingdom,MK8 8ZD
Mr. Mitch Kennedy,mitch0@adventure-works.com,996-555-0192,Main Office,"C/O Starpak, Inc.",null,Greeley,Colorado,United States,80631
Ms. Margaret Krupka,margaret1@adventure-works.com,107-555-0132,Main Office,Great Northwestern,null,North Bend,Washington,United States,98045
Mr. Deepak Kumar,deepak0@adventure-works.com,1 (11) 500 555-0122,Main Office,255 Irving Street,null,London,England,United Kingdom,C2H 7AU
Mr. Vamsi Kuppa,vamsi1@adventure-works.com,290-555-0196,Main Office,3255 Front Street West,null,Toronto,Ontario,Canada,M4B 1V6
Mr. Jeffrey Kurtz,jeffrey3@adventure-works.com,452-555-0179,Main Office,Receiving,null,Fullerton,California,United States,92831
Mr. Peter Kurniawan,peter4@adventure-works.com,436-555-0160,Main Office,63 W Monroe,null,Chicago,Illinois,United States,60610
Mr. Eric Lang,eric6@adventure-works.com,932-555-0163,Main Office,25300 Biddle Road,null,Medford,Oregon,United States,97504
Ms. Rebecca Laszlo,rebecca2@adventure-works.com,1 (11) 500 555-0155,Main Office,"Phoenix Way, Cirencester",null,Gloucestershire,England,United Kingdom,GL7 1RY
Mr. David Lawrence,david19@adventure-works.com,653-555-0159,Main Office,2512-4th Ave Sw,null,Calgary,Alberta,Canada,T2P 2G8
Ms. Elsa Leavitt,elsa0@adventure-works.com,482-555-0174,Main Office,2575 West 2700 South,null,Salt Lake City,Utah,United States,84101
Mr. Michael Lee,michael18@adventure-works.com,396-555-0139,Main Office,25718 Se Sunnyside Rd,null,Clackamas,Oregon,United States,97015-6403
Ms. Marjorie Lee,marjorie0@adventure-works.com,306-555-0166,Main Office,2509 W. Frankford,null,Carrollton,Texas,United States,75006
Mr. Frank Campbell,frank4@adventure-works.com,491-555-0132,Main Office,251340 E. South St.,null,Cerritos,California,United States,90703
Mr. Mark Lee,mark5@adventure-works.com,371-555-0112,Main Office,2512-410th Avenue S.W.,null,Calgary,Alberta,Canada,T2P 2G8
Ms. Jolie Lenehan,jolie0@adventure-works.com,1 (11) 500 555-0126,Main Office,"Garamonde Drive, Wymbush",P.O. Box 803,Milton Keynes,England,United Kingdom,MK8 8ZD
Mr. Roger Lengel,roger1@adventure-works.com,947-555-0143,Main Office,490 Ne 4th St,null,Renton,Washington,United States,98055
 A. Leonetti,a0@adventure-works.com,645-555-0193,Main Office,5700 Legacy Dr,null,Plano,Texas,United States,75074
Ms. Bonnie Lepro,bonnie2@adventure-works.com,354-555-0130,Main Office,25600 E St Andrews Pl,null,Santa Ana,California,United States,92701
Ms. Linda Leste,linda7@adventure-works.com,493-555-0134,Main Office,630 University Avenue,null,Toronto,Ontario,Canada,M4B 1V7
Ms. Elsie Lewin,elsie0@adventure-works.com,803-555-0116,Main Office,P.O. Box 6256916,null,Dallas,Texas,United States,75201
Mr. George Li,george3@adventure-works.com,699-555-0183,Main Office,910 Main Street.,null,Sparks,Nevada,United States,89431
Mr. Yale Li,yale0@adventure-works.com,316-555-0138,Main Office,992 St Clair Ave East,null,Toronto,Ontario,Canada,M4B 1V7
Ms. Yuhong Li,yuhong1@adventure-works.com,1 (11) 500 555-0176,Main Office,Bradford,null,W. York,England,United Kingdom,BD1 4SJ
Mr. Joseph Lique,joseph2@adventure-works.com,119-555-0195,Main Office,257700 Ne 76th Street,null,Redmond,Washington,United States,98052
Mr. Paulo Lisboa,paulo0@adventure-works.com,380-555-0116,Shipping,9178 Jumping St.,null,Dallas,Texas,United States,75201
Mr. Paulo Lisboa,paulo0@adventure-works.com,380-555-0116,Main Office,Po Box 8259024,null,Dallas,Texas,United States,75201
Mr. David Liu,david20@adventure-works.com,440-555-0132,Main Office,855 East Main Avenue,null,Zeeland,Michigan,United States,49464
 Jinghao Liu,jinghao1@adventure-works.com,928-555-0116,Main Office,90025 Sterling St,null,Irving,Texas,United States,75061
Mr. Kevin Liu,kevin5@adventure-works.com,926-555-0164,Main Office,9992 Whipple Rd,null,Union City,California,United States,94587
Mr. Todd Logan,todd0@adventure-works.com,783-555-0110,Main Office,575 Rue St Amable,null,Quebec,Quebec,Canada,G1R
Ms. Sharon Looney,sharon2@adventure-works.com,377-555-0132,Main Office,74400 France Avenue South,null,Edina,Minnesota,United States,55436
Ms. Anita Lucerne,anita0@adventure-works.com,164-555-0118,Main Office,6333 Cote Vertu,null,Montreal,Quebec,Canada,H1Y 2H7
Ms. Judy Lundahl,judy1@adventure-works.com,260-555-0130,Main Office,25149 Howard Dr,null,West Chicago,Illinois,United States,60185
Mr. Robert Lyeba,robert8@adventure-works.com,631-555-0155,Main Office,63 Free St.,null,Toronto,Ontario,Canada,M4B 1V4
Mr. Robert Lyon,robert9@adventure-works.com,666-555-0143,Main Office,609 Evans Avenue,null,Toronto,Ontario,Canada,M4B 1V4
Ms. Denise Maccietto,denise1@adventure-works.com,537-555-0190,Main Office,Port Huron,null,Port Huron,Michigan,United States,48060
Mr. Scott MacDonald,scott7@adventure-works.com,470-555-0171,Main Office,St. Louis Marketplace,null,Saint Louis,Missouri,United States,63103
Mr. Walter Mays,walter1@adventure-works.com,245-555-0191,Main Office,Po Box 252525,null,Santa Ana,California,United States,92701
Mr. Ajay Manchepalli,ajay0@adventure-works.com,1 (11) 500 555-0174,Main Office,"25 Hartfield Road, Wimbledon",null,London,England,United Kingdom,SW19 3RU
Mr. Tomas Manzanares,tomas0@adventure-works.com,1 (11) 500 555-0178,Main Office,"99 Dean Street, Soho",null,London,England,United Kingdom,W1V 5RN
Ms. Kathy Marcovecchio,kathy0@adventure-works.com,942-555-0141,Main Office,9905 Three Rivers Drive,null,Kelso,Washington,United States,98626
Ms. Melissa Marple,melissa0@adventure-works.com,685-555-0117,Main Office,603 Gellert Blvd,null,Daly City,California,United States,94015
Ms. Cecelia Marshall,cecelia0@adventure-works.com,394-555-0168,Main Office,9984 Wellington Street,null,Ottawa,Ontario,Canada,K4B 1S2
Ms. Linda Martin,linda8@adventure-works.com,1 (11) 500 555-0137,Main Office,"Park House-4th Floor, 2516 Park St.",null,London,England,United Kingdom,W1Y 3RA
Mr. Frank Mart¡nez,frank5@adventure-works.com,171-555-0147,Main Office,870 N. 54th Ave.,null,Chandler,Arizona,United States,85225
Mr. Steve Masters,steve2@adventure-works.com,154-555-0115,Main Office,2545 King Street West,null,Toronto,Ontario,Canada,M4B 1V7
Ms. Jennifer Maxham,jennifer1@adventure-works.com,1 (11) 500 555-0175,Main Office,"Butterfield Hse, 7-251 Chapel St",null,Lancaster,England,United Kingdom,LA1 1LN
Mr. Chris Maxwell,chris6@adventure-works.com,642-555-0187,Main Office,3025 E Waterway Blvd,null,Shelton,Washington,United States,98584
Ms. Sandra Maynard,sandra4@adventure-works.com,993-555-0179,Main Office,9952 E. Lohman Ave.,null,Las Cruces,New Mexico,United States,88001
Ms. Robin McGuigan,robin0@adventure-works.com,431-555-0153,Main Office,2500 University Avenue,null,Toronto,Ontario,Canada,M4B 1V5
Ms. Lola McCarthy,lola0@adventure-works.com,173-555-0151,Main Office,1050 Oak Street,null,Seattle,Washington,United States,98104
Ms. Jane McCarty,jane3@adventure-works.com,529-555-0195,Main Office,409 Santa Monica Blvd.,null,Santa Monica,California,United States,90401
Mr. James McCoy,james12@adventure-works.com,191-555-0151,Main Office,"9900-6400 Boul, Taschereau",null,Brossard,Quebec,Canada,J4Z 1R4
Ms. Yvonne McKay,yvonne1@adventure-works.com,623-555-0144,Main Office,Horizon Outlet,null,Woodbury,Minnesota,United States,55125
Ms. Nkenge McLin,nkenge0@adventure-works.com,158-555-0123,Main Office,Frontier Mall,null,Cheyenne,Wyoming,United States,82001
Ms. Nancy McPhearson,nancy3@adventure-works.com,1 (11) 500 555-0195,Main Office,46-44 Albemarle Street,null,London,England,United Kingdom,W1X3SE
Ms. Raquel Mello,raquel0@adventure-works.com,723-555-0124,Main Office,No. 2000-25080 Beaver Hall Hill,null,Quebec,Quebec,Canada,G1R
Mr. R. Morgan Mendoza,rmorgan0@adventure-works.com,963-555-0146,Main Office,Johnson Creek,null,Johnson Creek,Wisconsin,United States,53038
Mr. Stephen Mew,stephen4@adventure-works.com,399-555-0114,Main Office,250 Kingsbridge Garden Circle,null,Mississauga,Ontario,Canada,L5B 3V4
Ms. Helen Meyer,helen2@adventure-works.com,519-555-0112,Main Office,7505 Laguna Boulevard,null,Elk Grove,California,United States,95624
Mr. Thomas Michaels,thomas2@adventure-works.com,162-555-0174,Main Office,"5th Floor, 79 Place D'armes",null,Kingston,Ontario,Canada,7L
Ms. Virginia Miller,virginia0@adventure-works.com,918-555-0127,Shipping,8713 Yosemite Ct.,null,Bothell,Washington,United States,98011
Ms. Virginia Miller,virginia0@adventure-works.com,918-555-0127,Main Office,25111 228th St Sw,null,Bothell,Washington,United States,98011
Mr. Matthew Miller,matthew5@adventure-works.com,1 (11) 500 555-0176,Main Office,Wymbush,null,Milton Keynes,England,United Kingdom,MK8 8DF
Mr. Ben Miller,ben1@adventure-works.com,207-555-0167,Main Office,Suite 500 995 W. 11th Avenue,null,Mississauga,Ontario,Canada,L5A 1H6
Mr. Dylan Miller,dylan1@adventure-works.com,140-555-0192,Main Office,Parkway Plaza,null,El Cajon,California,United States,92020
Mr. Frank Miller,frank6@adventure-works.com,118-555-0184,Main Office,123 W. Lake Ave.,null,Peoria,Illinois,United States,61606
Ms. Neva Mitchell,neva0@adventure-works.com,992-555-0134,Main Office,2528 Meridian E,null,Puyallup,Washington,United States,98371
Ms. Linda Mitchell,linda9@adventure-works.com,1 (11) 500 555-0182,Main Office,"New Millhouse, 2583 Milton Park",null,Abingdon,England,United Kingdom,OX14 4SE
Mr. Joseph Mitzner,joseph4@adventure-works.com,129-555-0164,Main Office,123 Camelia Avenue,null,Oxnard,California,United States,93030
Ms. Laura Steele,laura3@adventure-works.com,741-555-0173,Main Office,253731 West Bell Road,null,Surprise,Arizona,United States,85374
Ms. Shanay Steelman,shanay0@adventure-works.com,797-555-0118,Main Office,5 place Ville-Marie,null,Montreal,Quebec,Canada,H1Y 2H7
Mr. Stefano Stefani,stefano0@adventure-works.com,1 (11) 500 555-0115,Main Office,997b Tradescant Road,null,London,England,United Kingdom,SW8 1XD
Mr. Alan Steiner,alan4@adventure-works.com,792-555-0194,Main Office,2255 254th Avenue Se,null,Albany,Oregon,United States,97321
Mr. Derik Stenerson,derik0@adventure-works.com,441-555-0144,Main Office,Factory Merchants,null,Branson,Missouri,United States,65616
Mr. Vassar Stern,vassar0@adventure-works.com,328-555-0123,Main Office,25130 South State Street,null,Sandy,Utah,United States,84070
Ms. Wathalee Steuber,wathalee0@adventure-works.com,517-555-0120,Main Office,700 Se Sunnyside Road,null,Clackamas,Oregon,United States,97015
Ms. Alice Steiner,alice4@adventure-works.com,355-555-0180,Main Office,Lone Star Factory,null,La Marque,Texas,United States,77568
Ms. Liza Marie Stevens,lizamarie0@adventure-works.com,366-555-0110,Main Office,7750 E Marching Rd,null,Scottsdale,Arizona,United States,85257
Mr. Jim Stewart,jim5@adventure-works.com,226-555-0110,Main Office,999 West Georgia St.,null,Vancouver,Ontario,Canada,V5T 1Y9
Mr. Robert Stotka,robert12@adventure-works.com,493-555-0185,Main Office,Sports Stores @ Tuscola,null,Tuscola,Illinois,United States,61953
Ms. Kayla Stotler,kayla0@adventure-works.com,315-555-0131,Main Office,9980 S Alma School Road,null,Chandler,Arizona,United States,85225
Ms. Ruby Sue Styles,rubysue0@adventure-works.com,512-555-0122,Main Office,46990 Viking Way,null,Richmond,British Columbia,Canada,V6B 3P7
Mr. Gary Suess,gary5@adventure-works.com,1 (11) 500 555-0199,Main Office,725a The Arches,null,Berks,England,United Kingdom,SL4 1RH
Ms. Ruth Suffin,ruth2@adventure-works.com,924-555-0195,Main Office,Lancaster Mall,null,Salem,Oregon,United States,97301
Ms. Elizabeth Sullivan,elizabeth4@adventure-works.com,306-555-0112,Main Office,Town East Center,null,Mesquite,Texas,United States,75149
Mr. Michael Sullivan,michael24@adventure-works.com,323-555-0113,Main Office,5867 Sunrise Boulevard,null,Citrus Heights,California,United States,95610
Ms. Marcia Sultan,marcia0@adventure-works.com,613-555-0116,Main Office,251420a 170th Street,null,Edmonton,Alberta,Canada,T5
Mr. Krishna Sunkammurali,krishna1@adventure-works.com,1 (11) 500 555-0177,Main Office,Paramount House,null,London,England,United Kingdom,W1N 9FA
Mr. Brad Sutton,brad0@adventure-works.com,688-555-0115,Main Office,Three Rivers Mall,null,Kelso,Washington,United States,98626
Mr. Abraham Swearengin,abraham0@adventure-works.com,926-555-0136,Main Office,9920 Bridgepointe Parkway,null,San Mateo,California,United States,94404
Ms. Katherine Swan,katherine1@adventure-works.com,421-555-0192,Main Office,975 Princess Street,null,Kingston,Ontario,Canada,7L
Ms. Julie Taft-Rider,julie1@adventure-works.com,145-555-0194,Main Office,6996 South Lindbergh,null,Saint Louis,Missouri,United States,63103
Mr. Clarence Tatman,clarence0@adventure-works.com,787-555-0128,Main Office,San Diego Factory,null,San Ysidro,California,United States,92173
Mr. Mike Taylor,mike6@adventure-works.com,204-555-0189,Main Office,750 Philip Street,null,Waterloo,Ontario,Canada,N2V
Mr. Chad Tedford,chad1@adventure-works.com,588-555-0128,Main Office,9500b E. Central Texas Expressway,null,Killeen,Texas,United States,76541
Ms. Vanessa Tench,vanessa0@adventure-works.com,785-555-0163,Main Office,2500 N Serene Blvd,19th Floor,El Segundo,California,United States,90245
Ms. Judy Thames,judy3@adventure-works.com,799-555-0118,Main Office,25102 Springwater,null,Wenatchee,Washington,United States,98801
Ms. Phyllis Thomas,phyllis2@adventure-works.com,667-555-0112,Main Office,"99, Rue Saint-pierre",null,Pnot-Rouge,Quebec,Canada,J1E 2T7
Mr. Donald Thompson,donald1@adventure-works.com,273-555-0111,Main Office,25472 Marlay Ave,null,Fontana,California,United States,92335
Ms. Kendra Thompson,kendra0@adventure-works.com,464-555-0188,Main Office,22571 South 2500 East,null,Idaho Falls,Idaho,United States,83402
Mr. Daniel Thompson,daniel2@adventure-works.com,247-555-0197,Main Office,755 Nw Grandstand,null,Issaquah,Washington,United States,98027
Ms. Andrea Thomsen,andrea1@adventure-works.com,1 (11) 500 555-0120,Main Office,251 The Metro Center,null,Wokingham,England,United Kingdom,RG41 1QW
Ms. Yuping Tian,yuping0@adventure-works.com,744-555-0123,Main Office,Depot 80,null,Sillery,Quebec,Canada,G1T
Ms. Diane Tibbott,diane5@adventure-works.com,847-555-0184,Main Office,8525 South Parker Road,null,Parker,Colorado,United States,80138
Ms. Delia Toone,delia0@adventure-works.com,328-555-0192,Main Office,755 Columbia Ctr Blvd,null,Kennewick,Washington,United States,99337
Mr. Glenn Track,glenn0@adventure-works.com,907-555-0170,Main Office,55 Standish Court,null,Mississauga,Ontario,Canada,L5B 3V4
Mr. Billy Trent,billy0@adventure-works.com,882-555-0115,Main Office,"99954 Boul. Laurier, Local 060, Place",null,Sainte-Foy,Quebec,Canada,G1W
Mr. Michael John Troyer,michaeljohn0@adventure-works.com,308-555-0175,Main Office,Oxnard Outlet,null,Oxnard,California,United States,93030
Ms. Christie Trujillo,christie0@adventure-works.com,686-555-0180,Main Office,"One Dancing, Rr No. 25",Box 8033,Round Rock,Texas,United States,78664
Ms. Phyllis Tuffield,phyllis3@adventure-works.com,277-555-0182,Main Office,9960 King Street E.,null,Toronto,Ontario,Canada,M4B 1V5
Mr. Sairaj Uddin,sairaj1@adventure-works.com,767-555-0193,Main Office,Natomas Marketplace,null,Sacramento,California,United States,95814
Mr. Sunil Uppal,sunil0@adventure-works.com,184-555-0187,Main Office,25500 Old Spanish Trail,null,Houston,Texas,United States,77003
Ms. Esther Valle,esther0@adventure-works.com,481-555-0131,Main Office,600 Boul. Rene-levesque Ouest,null,Montreal,Quebec,Canada,H1Y 2H7
Mr. Jessie Valerio,jessie0@adventure-works.com,103-555-0179,Main Office,Mall Of Orange,null,Orange,California,United States,92867
Mr. Roger Van Houten,roger2@adventure-works.com,1 (11) 500 555-0110,Main Office,"Internet House, 3399 Science Park",null,Cambridge,England,United Kingdom,CB4 4BZ
Ms. Rose Vandenouer,rose1@adventure-works.com,1 (11) 500 555-0140,Main Office,"7 Garden House Cloisters, 8 Batters",null,London,England,United Kingdom,SW8 4BG
Mr. Gregory Vanderbout,gregory1@adventure-works.com,684-555-0134,Main Office,950 Gateway Street,null,Springfield,Oregon,United States,97477
Mr. Michael Vanderhyde,michael25@adventure-works.com,918-555-0141,Main Office,Lincoln Square,null,Arlington,Texas,United States,76010
Ms. Margaret Vanderkamp,margaret2@adventure-works.com,265-555-0143,Main Office,62500 Neil Road,null,Reno,Nevada,United States,89502
Ms. Kara Vanderlinden,kara0@adventure-works.com,680-555-0160,Main Office,2520 Flanders Road,null,Toronto,Ontario,Canada,M4B 1V4
Mr. Nieves Vargas,nieves0@adventure-works.com,371-555-0184,Main Office,Kensington Valley Shops,null,Howell,Michigan,United States,48843
Mr. Gary Vargas,gary6@adventure-works.com,112-555-0176,Main Office,Stevens Creek Shopping Center,null,San Jose,California,United States,95112
Mr. Ranjit Varkey Chudukatil,ranjit1@adventure-works.com,810-555-0160,Main Office,455 256th St.,null,Moline,Illinois,United States,61265
Ms. Patricia Vasquez,patricia2@adventure-works.com,490-555-0132,Main Office,409 S. Main Ste. 25,null,Ellensburg,Washington,United States,98926
Mr. Raja Venugopal,raja0@adventure-works.com,1 (11) 500 555-0195,Main Office,Burgess Hill,Edward Way,West Sussex,England,United Kingdom,RH15 9UD
Ms. Dora Verdad,dora0@adventure-works.com,155-555-0140,Main Office,Suite 2502 410 Albert Street,null,Waterloo,Ontario,Canada,N2V
Ms. Wanda Vernon,wanda0@adventure-works.com,433-555-0168,Main Office,Ontario Mills,null,Ontario,California,United States,91764
Mr. Robert Vessa,robert13@adventure-works.com,560-555-0171,Main Office,72540 Blanco Rd.,null,San Antonio,Texas,United States,78204
Ms. Caroline Vicknair,caroline0@adventure-works.com,695-555-0158,Main Office,660 Lindbergh,null,Saint Louis,Missouri,United States,63103
